READ MEAN QUALITY,Read1,Q17 Reads,4
READ MEAN QUALITY,Read1,Q18 Reads,22
READ MEAN QUALITY,Read1,Q19 Reads,102
READ MEAN QUALITY,Read1,Q20 Reads,394
READ MEAN QUALITY,Read1,Q21 Reads,1796
READ MEAN QUALITY,Read1,Q22 Reads,4664
READ MEAN QUALITY,Read1,Q23 Reads,13426
READ MEAN QUALITY,Read1,Q24 Reads,32504
READ MEAN QUALITY,Read1,Q25 Reads,61293
READ MEAN QUALITY,Read1,Q26 Reads,89019
READ MEAN QUALITY,Read1,Q27 Reads,160179
READ MEAN QUALITY,Read1,Q28 Reads,195198
READ MEAN QUALITY,Read1,Q29 Reads,262526
READ MEAN QUALITY,Read1,Q30 Reads,370725
READ MEAN QUALITY,Read1,Q31 Reads,553674
READ MEAN QUALITY,Read1,Q32 Reads,2023709
READ MEAN QUALITY,Read1,Q33 Reads,15261644
READ MEAN QUALITY,Read1,Q34 Reads,6718175
POSITIONAL BASE MEAN QUALITY,Read1,ReadPos 1 A Average Quality,33.75
POSITIONAL BASE MEAN QUALITY,Read1,ReadPos 2 A Average Quality,33.60
POSITIONAL BASE MEAN QUALITY,Read1,ReadPos 3 A Average Quality,32.94
POSITIONAL BASE MEAN QUALITY,Read1,ReadPos 4 A Average Quality,33.04
POSITIONAL BASE MEAN QUALITY,Read1,ReadPos 5 A Average Quality,33.25
POSITIONAL BASE MEAN QUALITY,Read1,ReadPos 6 A Average Quality,33.40
POSITIONAL BASE MEAN QUALITY,Read1,ReadPos 7 A Average Quality,33.38
POSITIONAL BASE MEAN QUALITY,Read1,ReadPos 8 A Average Quality,33.34
POSITIONAL BASE MEAN QUALITY,Read1,ReadPos 9 A Average Quality,33.33
POSITIONAL BASE MEAN QUALITY,Read1,ReadPos 10 A Average Quality,33.34
POSITIONAL BASE MEAN QUALITY,Read1,ReadPos 11 A Average Quality,33.32
POSITIONAL BASE MEAN QUALITY,Read1,ReadPos 12 A Average Quality,33.32
POSITIONAL BASE MEAN QUALITY,Read1,ReadPos 13 A Average Quality,33.34
POSITIONAL BASE MEAN QUALITY,Read1,ReadPos 14 A Average Quality,33.32
POSITIONAL BASE MEAN QUALITY,Read1,ReadPos 15 A Average Quality,33.12
POSITIONAL BASE MEAN QUALITY,Read1,ReadPos 16 A Average Quality,33.57
POSITIONAL BASE MEAN QUALITY,Read1,ReadPos 17 A Average Quality,33.72
POSITIONAL BASE MEAN QUALITY,Read1,ReadPos 18 A Average Quality,33.71
POSITIONAL BASE MEAN QUALITY,Read1,ReadPos 19 A Average Quality,33.70
POSITIONAL BASE MEAN QUALITY,Read1,ReadPos 20 A Average Quality,33.63
POSITIONAL BASE MEAN QUALITY,Read1,ReadPos 21 A Average Quality,33.63
POSITIONAL BASE MEAN QUALITY,Read1,ReadPos 22 A Average Quality,33.69
POSITIONAL BASE MEAN QUALITY,Read1,ReadPos 23 A Average Quality,33.59
POSITIONAL BASE MEAN QUALITY,Read1,ReadPos 24 A Average Quality,33.81
POSITIONAL BASE MEAN QUALITY,Read1,ReadPos 25 A Average Quality,33.22
POSITIONAL BASE MEAN QUALITY,Read1,ReadPos 26 A Average Quality,33.72
POSITIONAL BASE MEAN QUALITY,Read1,ReadPos 27 A Average Quality,19.70
POSITIONAL BASE MEAN QUALITY,Read1,ReadPos 1 C Average Quality,33.46
POSITIONAL BASE MEAN QUALITY,Read1,ReadPos 2 C Average Quality,33.41
POSITIONAL BASE MEAN QUALITY,Read1,ReadPos 3 C Average Quality,33.33
POSITIONAL BASE MEAN QUALITY,Read1,ReadPos 4 C Average Quality,33.39
POSITIONAL BASE MEAN QUALITY,Read1,ReadPos 5 C Average Quality,33.41
POSITIONAL BASE MEAN QUALITY,Read1,ReadPos 6 C Average Quality,33.48
POSITIONAL BASE MEAN QUALITY,Read1,ReadPos 7 C Average Quality,33.49
POSITIONAL BASE MEAN QUALITY,Read1,ReadPos 8 C Average Quality,33.49
POSITIONAL BASE MEAN QUALITY,Read1,ReadPos 9 C Average Quality,33.50
POSITIONAL BASE MEAN QUALITY,Read1,ReadPos 10 C Average Quality,33.50
POSITIONAL BASE MEAN QUALITY,Read1,ReadPos 11 C Average Quality,33.54
POSITIONAL BASE MEAN QUALITY,Read1,ReadPos 12 C Average Quality,33.55
POSITIONAL BASE MEAN QUALITY,Read1,ReadPos 13 C Average Quality,33.54
POSITIONAL BASE MEAN QUALITY,Read1,ReadPos 14 C Average Quality,33.53
POSITIONAL BASE MEAN QUALITY,Read1,ReadPos 15 C Average Quality,33.65
POSITIONAL BASE MEAN QUALITY,Read1,ReadPos 16 C Average Quality,33.67
POSITIONAL BASE MEAN QUALITY,Read1,ReadPos 17 C Average Quality,33.74
POSITIONAL BASE MEAN QUALITY,Read1,ReadPos 18 C Average Quality,33.76
POSITIONAL BASE MEAN QUALITY,Read1,ReadPos 19 C Average Quality,33.66
POSITIONAL BASE MEAN QUALITY,Read1,ReadPos 20 C Average Quality,33.70
POSITIONAL BASE MEAN QUALITY,Read1,ReadPos 21 C Average Quality,33.51
POSITIONAL BASE MEAN QUALITY,Read1,ReadPos 22 C Average Quality,33.61
POSITIONAL BASE MEAN QUALITY,Read1,ReadPos 23 C Average Quality,33.64
POSITIONAL BASE MEAN QUALITY,Read1,ReadPos 24 C Average Quality,33.50
POSITIONAL BASE MEAN QUALITY,Read1,ReadPos 25 C Average Quality,33.68
POSITIONAL BASE MEAN QUALITY,Read1,ReadPos 26 C Average Quality,33.78
POSITIONAL BASE MEAN QUALITY,Read1,ReadPos 27 C Average Quality,18.36
POSITIONAL BASE MEAN QUALITY,Read1,ReadPos 1 G Average Quality,33.30
POSITIONAL BASE MEAN QUALITY,Read1,ReadPos 2 G Average Quality,33.37
POSITIONAL BASE MEAN QUALITY,Read1,ReadPos 3 G Average Quality,33.32
POSITIONAL BASE MEAN QUALITY,Read1,ReadPos 4 G Average Quality,33.36
POSITIONAL BASE MEAN QUALITY,Read1,ReadPos 5 G Average Quality,33.34
POSITIONAL BASE MEAN QUALITY,Read1,ReadPos 6 G Average Quality,33.43
POSITIONAL BASE MEAN QUALITY,Read1,ReadPos 7 G Average Quality,33.44
POSITIONAL BASE MEAN QUALITY,Read1,ReadPos 8 G Average Quality,33.45
POSITIONAL BASE MEAN QUALITY,Read1,ReadPos 9 G Average Quality,33.46
POSITIONAL BASE MEAN QUALITY,Read1,ReadPos 10 G Average Quality,33.45
POSITIONAL BASE MEAN QUALITY,Read1,ReadPos 11 G Average Quality,33.46
POSITIONAL BASE MEAN QUALITY,Read1,ReadPos 12 G Average Quality,33.47
POSITIONAL BASE MEAN QUALITY,Read1,ReadPos 13 G Average Quality,33.47
POSITIONAL BASE MEAN QUALITY,Read1,ReadPos 14 G Average Quality,33.44
POSITIONAL BASE MEAN QUALITY,Read1,ReadPos 15 G Average Quality,33.51
POSITIONAL BASE MEAN QUALITY,Read1,ReadPos 16 G Average Quality,33.63
POSITIONAL BASE MEAN QUALITY,Read1,ReadPos 17 G Average Quality,33.57
POSITIONAL BASE MEAN QUALITY,Read1,ReadPos 18 G Average Quality,33.65
POSITIONAL BASE MEAN QUALITY,Read1,ReadPos 19 G Average Quality,33.69
POSITIONAL BASE MEAN QUALITY,Read1,ReadPos 20 G Average Quality,33.59
POSITIONAL BASE MEAN QUALITY,Read1,ReadPos 21 G Average Quality,33.67
POSITIONAL BASE MEAN QUALITY,Read1,ReadPos 22 G Average Quality,33.56
POSITIONAL BASE MEAN QUALITY,Read1,ReadPos 23 G Average Quality,33.53
POSITIONAL BASE MEAN QUALITY,Read1,ReadPos 24 G Average Quality,33.50
POSITIONAL BASE MEAN QUALITY,Read1,ReadPos 25 G Average Quality,33.55
POSITIONAL BASE MEAN QUALITY,Read1,ReadPos 26 G Average Quality,33.60
POSITIONAL BASE MEAN QUALITY,Read1,ReadPos 27 G Average Quality,15.07
POSITIONAL BASE MEAN QUALITY,Read1,ReadPos 1 T Average Quality,33.44
POSITIONAL BASE MEAN QUALITY,Read1,ReadPos 2 T Average Quality,33.49
POSITIONAL BASE MEAN QUALITY,Read1,ReadPos 3 T Average Quality,33.52
POSITIONAL BASE MEAN QUALITY,Read1,ReadPos 4 T Average Quality,33.50
POSITIONAL BASE MEAN QUALITY,Read1,ReadPos 5 T Average Quality,33.47
POSITIONAL BASE MEAN QUALITY,Read1,ReadPos 6 T Average Quality,33.52
POSITIONAL BASE MEAN QUALITY,Read1,ReadPos 7 T Average Quality,33.53
POSITIONAL BASE MEAN QUALITY,Read1,ReadPos 8 T Average Quality,33.54
POSITIONAL BASE MEAN QUALITY,Read1,ReadPos 9 T Average Quality,33.54
POSITIONAL BASE MEAN QUALITY,Read1,ReadPos 10 T Average Quality,33.54
POSITIONAL BASE MEAN QUALITY,Read1,ReadPos 11 T Average Quality,33.55
POSITIONAL BASE MEAN QUALITY,Read1,ReadPos 12 T Average Quality,33.55
POSITIONAL BASE MEAN QUALITY,Read1,ReadPos 13 T Average Quality,33.53
POSITIONAL BASE MEAN QUALITY,Read1,ReadPos 14 T Average Quality,33.53
POSITIONAL BASE MEAN QUALITY,Read1,ReadPos 15 T Average Quality,33.71
POSITIONAL BASE MEAN QUALITY,Read1,ReadPos 16 T Average Quality,33.63
POSITIONAL BASE MEAN QUALITY,Read1,ReadPos 17 T Average Quality,33.69
POSITIONAL BASE MEAN QUALITY,Read1,ReadPos 18 T Average Quality,33.66
POSITIONAL BASE MEAN QUALITY,Read1,ReadPos 19 T Average Quality,33.84
POSITIONAL BASE MEAN QUALITY,Read1,ReadPos 20 T Average Quality,33.57
POSITIONAL BASE MEAN QUALITY,Read1,ReadPos 21 T Average Quality,33.79
POSITIONAL BASE MEAN QUALITY,Read1,ReadPos 22 T Average Quality,33.52
POSITIONAL BASE MEAN QUALITY,Read1,ReadPos 23 T Average Quality,33.59
POSITIONAL BASE MEAN QUALITY,Read1,ReadPos 24 T Average Quality,33.23
POSITIONAL BASE MEAN QUALITY,Read1,ReadPos 25 T Average Quality,33.49
POSITIONAL BASE MEAN QUALITY,Read1,ReadPos 26 T Average Quality,33.51
POSITIONAL BASE MEAN QUALITY,Read1,ReadPos 27 T Average Quality,18.25
POSITIONAL BASE CONTENT,Read1,ReadPos 1 A Bases,6640238
POSITIONAL BASE CONTENT,Read1,ReadPos 2 A Bases,6778716
POSITIONAL BASE CONTENT,Read1,ReadPos 3 A Bases,6744479
POSITIONAL BASE CONTENT,Read1,ReadPos 4 A Bases,6692833
POSITIONAL BASE CONTENT,Read1,ReadPos 5 A Bases,6716080
POSITIONAL BASE CONTENT,Read1,ReadPos 6 A Bases,6748662
POSITIONAL BASE CONTENT,Read1,ReadPos 7 A Bases,6805054
POSITIONAL BASE CONTENT,Read1,ReadPos 8 A Bases,6817877
POSITIONAL BASE CONTENT,Read1,ReadPos 9 A Bases,6786437
POSITIONAL BASE CONTENT,Read1,ReadPos 10 A Bases,6746679
POSITIONAL BASE CONTENT,Read1,ReadPos 11 A Bases,6770048
POSITIONAL BASE CONTENT,Read1,ReadPos 12 A Bases,6774949
POSITIONAL BASE CONTENT,Read1,ReadPos 13 A Bases,6858869
POSITIONAL BASE CONTENT,Read1,ReadPos 14 A Bases,6932482
POSITIONAL BASE CONTENT,Read1,ReadPos 15 A Bases,6342387
POSITIONAL BASE CONTENT,Read1,ReadPos 16 A Bases,5335061
POSITIONAL BASE CONTENT,Read1,ReadPos 17 A Bases,3019025
POSITIONAL BASE CONTENT,Read1,ReadPos 18 A Bases,1971889
POSITIONAL BASE CONTENT,Read1,ReadPos 19 A Bases,1208862
POSITIONAL BASE CONTENT,Read1,ReadPos 20 A Bases,7280374
POSITIONAL BASE CONTENT,Read1,ReadPos 21 A Bases,3239263
POSITIONAL BASE CONTENT,Read1,ReadPos 22 A Bases,16274438
POSITIONAL BASE CONTENT,Read1,ReadPos 23 A Bases,9236918
POSITIONAL BASE CONTENT,Read1,ReadPos 24 A Bases,10199062
POSITIONAL BASE CONTENT,Read1,ReadPos 25 A Bases,2586192
POSITIONAL BASE CONTENT,Read1,ReadPos 26 A Bases,10926658
POSITIONAL BASE CONTENT,Read1,ReadPos 27 A Bases,13424041
POSITIONAL BASE CONTENT,Read1,ReadPos 1 C Bases,6444411
POSITIONAL BASE CONTENT,Read1,ReadPos 2 C Bases,6505691
POSITIONAL BASE CONTENT,Read1,ReadPos 3 C Bases,6510786
POSITIONAL BASE CONTENT,Read1,ReadPos 4 C Bases,6543153
POSITIONAL BASE CONTENT,Read1,ReadPos 5 C Bases,6557214
POSITIONAL BASE CONTENT,Read1,ReadPos 6 C Bases,6487699
POSITIONAL BASE CONTENT,Read1,ReadPos 7 C Bases,6450834
POSITIONAL BASE CONTENT,Read1,ReadPos 8 C Bases,6437201
POSITIONAL BASE CONTENT,Read1,ReadPos 9 C Bases,6485594
POSITIONAL BASE CONTENT,Read1,ReadPos 10 C Bases,6497375
POSITIONAL BASE CONTENT,Read1,ReadPos 11 C Bases,6529875
POSITIONAL BASE CONTENT,Read1,ReadPos 12 C Bases,6653952
POSITIONAL BASE CONTENT,Read1,ReadPos 13 C Bases,6775880
POSITIONAL BASE CONTENT,Read1,ReadPos 14 C Bases,6965936
POSITIONAL BASE CONTENT,Read1,ReadPos 15 C Bases,9108698
POSITIONAL BASE CONTENT,Read1,ReadPos 16 C Bases,4183100
POSITIONAL BASE CONTENT,Read1,ReadPos 17 C Bases,11459967
POSITIONAL BASE CONTENT,Read1,ReadPos 18 C Bases,6367293
POSITIONAL BASE CONTENT,Read1,ReadPos 19 C Bases,1389408
POSITIONAL BASE CONTENT,Read1,ReadPos 20 C Bases,11021453
POSITIONAL BASE CONTENT,Read1,ReadPos 21 C Bases,3793162
POSITIONAL BASE CONTENT,Read1,ReadPos 22 C Bases,4540043
POSITIONAL BASE CONTENT,Read1,ReadPos 23 C Bases,6295555
POSITIONAL BASE CONTENT,Read1,ReadPos 24 C Bases,3289320
POSITIONAL BASE CONTENT,Read1,ReadPos 25 C Bases,9050903
POSITIONAL BASE CONTENT,Read1,ReadPos 26 C Bases,6513819
POSITIONAL BASE CONTENT,Read1,ReadPos 27 C Bases,4285969
POSITIONAL BASE CONTENT,Read1,ReadPos 1 G Bases,5795255
POSITIONAL BASE CONTENT,Read1,ReadPos 2 G Bases,5867729
POSITIONAL BASE CONTENT,Read1,ReadPos 3 G Bases,5816199
POSITIONAL BASE CONTENT,Read1,ReadPos 4 G Bases,5837439
POSITIONAL BASE CONTENT,Read1,ReadPos 5 G Bases,5856066
POSITIONAL BASE CONTENT,Read1,ReadPos 6 G Bases,5878505
POSITIONAL BASE CONTENT,Read1,ReadPos 7 G Bases,5853906
POSITIONAL BASE CONTENT,Read1,ReadPos 8 G Bases,5793043
POSITIONAL BASE CONTENT,Read1,ReadPos 9 G Bases,5751697
POSITIONAL BASE CONTENT,Read1,ReadPos 10 G Bases,5737835
POSITIONAL BASE CONTENT,Read1,ReadPos 11 G Bases,5710772
POSITIONAL BASE CONTENT,Read1,ReadPos 12 G Bases,5617129
POSITIONAL BASE CONTENT,Read1,ReadPos 13 G Bases,5414482
POSITIONAL BASE CONTENT,Read1,ReadPos 14 G Bases,5157348
POSITIONAL BASE CONTENT,Read1,ReadPos 15 G Bases,5516914
POSITIONAL BASE CONTENT,Read1,ReadPos 16 G Bases,9111655
POSITIONAL BASE CONTENT,Read1,ReadPos 17 G Bases,9678886
POSITIONAL BASE CONTENT,Read1,ReadPos 18 G Bases,8594686
POSITIONAL BASE CONTENT,Read1,ReadPos 19 G Bases,13318615
POSITIONAL BASE CONTENT,Read1,ReadPos 20 G Bases,5166734
POSITIONAL BASE CONTENT,Read1,ReadPos 21 G Bases,11991283
POSITIONAL BASE CONTENT,Read1,ReadPos 22 G Bases,4015048
POSITIONAL BASE CONTENT,Read1,ReadPos 23 G Bases,3528781
POSITIONAL BASE CONTENT,Read1,ReadPos 24 G Bases,4191176
POSITIONAL BASE CONTENT,Read1,ReadPos 25 G Bases,5526898
POSITIONAL BASE CONTENT,Read1,ReadPos 26 G Bases,2504019
POSITIONAL BASE CONTENT,Read1,ReadPos 27 G Bases,1115855
POSITIONAL BASE CONTENT,Read1,ReadPos 1 T Bases,6868551
POSITIONAL BASE CONTENT,Read1,ReadPos 2 T Bases,6595749
POSITIONAL BASE CONTENT,Read1,ReadPos 3 T Bases,6677590
POSITIONAL BASE CONTENT,Read1,ReadPos 4 T Bases,6675629
POSITIONAL BASE CONTENT,Read1,ReadPos 5 T Bases,6619074
POSITIONAL BASE CONTENT,Read1,ReadPos 6 T Bases,6634188
POSITIONAL BASE CONTENT,Read1,ReadPos 7 T Bases,6639260
POSITIONAL BASE CONTENT,Read1,ReadPos 8 T Bases,6700933
POSITIONAL BASE CONTENT,Read1,ReadPos 9 T Bases,6725326
POSITIONAL BASE CONTENT,Read1,ReadPos 10 T Bases,6767165
POSITIONAL BASE CONTENT,Read1,ReadPos 11 T Bases,6738359
POSITIONAL BASE CONTENT,Read1,ReadPos 12 T Bases,6703024
POSITIONAL BASE CONTENT,Read1,ReadPos 13 T Bases,6699823
POSITIONAL BASE CONTENT,Read1,ReadPos 14 T Bases,6693288
POSITIONAL BASE CONTENT,Read1,ReadPos 15 T Bases,4781055
POSITIONAL BASE CONTENT,Read1,ReadPos 16 T Bases,6932617
POSITIONAL BASE CONTENT,Read1,ReadPos 17 T Bases,1591176
POSITIONAL BASE CONTENT,Read1,ReadPos 18 T Bases,8815186
POSITIONAL BASE CONTENT,Read1,ReadPos 19 T Bases,9832169
POSITIONAL BASE CONTENT,Read1,ReadPos 20 T Bases,2280493
POSITIONAL BASE CONTENT,Read1,ReadPos 21 T Bases,6725346
POSITIONAL BASE CONTENT,Read1,ReadPos 22 T Bases,919525
POSITIONAL BASE CONTENT,Read1,ReadPos 23 T Bases,6687800
POSITIONAL BASE CONTENT,Read1,ReadPos 24 T Bases,8069496
POSITIONAL BASE CONTENT,Read1,ReadPos 25 T Bases,8585061
POSITIONAL BASE CONTENT,Read1,ReadPos 26 T Bases,5613124
POSITIONAL BASE CONTENT,Read1,ReadPos 27 T Bases,6923185
POSITIONAL BASE CONTENT,Read1,ReadPos 1 N Bases,599
POSITIONAL BASE CONTENT,Read1,ReadPos 2 N Bases,1169
POSITIONAL BASE CONTENT,Read1,ReadPos 3 N Bases,0
POSITIONAL BASE CONTENT,Read1,ReadPos 4 N Bases,0
POSITIONAL BASE CONTENT,Read1,ReadPos 5 N Bases,620
POSITIONAL BASE CONTENT,Read1,ReadPos 6 N Bases,0
POSITIONAL BASE CONTENT,Read1,ReadPos 7 N Bases,0
POSITIONAL BASE CONTENT,Read1,ReadPos 8 N Bases,0
POSITIONAL BASE CONTENT,Read1,ReadPos 9 N Bases,0
POSITIONAL BASE CONTENT,Read1,ReadPos 10 N Bases,0
POSITIONAL BASE CONTENT,Read1,ReadPos 11 N Bases,0
POSITIONAL BASE CONTENT,Read1,ReadPos 12 N Bases,0
POSITIONAL BASE CONTENT,Read1,ReadPos 13 N Bases,0
POSITIONAL BASE CONTENT,Read1,ReadPos 14 N Bases,0
POSITIONAL BASE CONTENT,Read1,ReadPos 15 N Bases,0
POSITIONAL BASE CONTENT,Read1,ReadPos 16 N Bases,186621
POSITIONAL BASE CONTENT,Read1,ReadPos 17 N Bases,0
POSITIONAL BASE CONTENT,Read1,ReadPos 18 N Bases,0
POSITIONAL BASE CONTENT,Read1,ReadPos 19 N Bases,0
POSITIONAL BASE CONTENT,Read1,ReadPos 20 N Bases,0
POSITIONAL BASE CONTENT,Read1,ReadPos 21 N Bases,0
POSITIONAL BASE CONTENT,Read1,ReadPos 22 N Bases,0
POSITIONAL BASE CONTENT,Read1,ReadPos 23 N Bases,0
POSITIONAL BASE CONTENT,Read1,ReadPos 24 N Bases,0
POSITIONAL BASE CONTENT,Read1,ReadPos 25 N Bases,0
POSITIONAL BASE CONTENT,Read1,ReadPos 26 N Bases,191434
POSITIONAL BASE CONTENT,Read1,ReadPos 27 N Bases,4
READ LENGTHS,Read1,27bp Length Reads,25749054
READ GC CONTENT,Read1,0% GC Reads,353880
READ GC CONTENT,Read1,1% GC Reads,353880
READ GC CONTENT,Read1,2% GC Reads,601596
READ GC CONTENT,Read1,3% GC Reads,849312
READ GC CONTENT,Read1,4% GC Reads,849312
READ GC CONTENT,Read1,5% GC Reads,849312
READ GC CONTENT,Read1,6% GC Reads,2273679
READ GC CONTENT,Read1,7% GC Reads,3698046
READ GC CONTENT,Read1,8% GC Reads,3698046
READ GC CONTENT,Read1,9% GC Reads,7803054
READ GC CONTENT,Read1,10% GC Reads,11993262
READ GC CONTENT,Read1,11% GC Reads,12078462
READ GC CONTENT,Read1,12% GC Reads,12078462
READ GC CONTENT,Read1,13% GC Reads,26445027
READ GC CONTENT,Read1,14% GC Reads,40811592
READ GC CONTENT,Read1,15% GC Reads,40811592
READ GC CONTENT,Read1,16% GC Reads,40811592
READ GC CONTENT,Read1,17% GC Reads,126377613
READ GC CONTENT,Read1,18% GC Reads,211943634
READ GC CONTENT,Read1,19% GC Reads,211943634
READ GC CONTENT,Read1,20% GC Reads,643694928
READ GC CONTENT,Read1,21% GC Reads,1083037542
READ GC CONTENT,Read1,22% GC Reads,1090628862
READ GC CONTENT,Read1,23% GC Reads,1090628862
READ GC CONTENT,Read1,24% GC Reads,2566476555
READ GC CONTENT,Read1,25% GC Reads,4067177088
READ GC CONTENT,Read1,26% GC Reads,4092029928
READ GC CONTENT,Read1,27% GC Reads,4092029928
READ GC CONTENT,Read1,28% GC Reads,7566556473
READ GC CONTENT,Read1,29% GC Reads,11097877338
READ GC CONTENT,Read1,30% GC Reads,11154671658
READ GC CONTENT,Read1,31% GC Reads,16871134167
READ GC CONTENT,Read1,32% GC Reads,22587596676
READ GC CONTENT,Read1,33% GC Reads,22681265556
READ GC CONTENT,Read1,34% GC Reads,22774934436
READ GC CONTENT,Read1,35% GC Reads,29733418428
READ GC CONTENT,Read1,36% GC Reads,36691902420
READ GC CONTENT,Read1,37% GC Reads,36807919260
READ GC CONTENT,Read1,38% GC Reads,36923952484
READ GC CONTENT,Read1,39% GC Reads,43615565411
READ GC CONTENT,Read1,40% GC Reads,50422974314
READ GC CONTENT,Read1,41% GC Reads,50538786674
READ GC CONTENT,Read1,42% GC Reads,50538770290
READ GC CONTENT,Read1,43% GC Reads,55505167755
READ GC CONTENT,Read1,44% GC Reads,60541556364
READ GC CONTENT,Read1,45% GC Reads,60611531124
READ GC CONTENT,Read1,46% GC Reads,62986781876
READ GC CONTENT,Read1,47% GC Reads,65362032628
READ GC CONTENT,Read1,48% GC Reads,65374795588
READ GC CONTENT,Read1,49% GC Reads,65387558548
READ GC CONTENT,Read1,50% GC Reads,64365872255
READ GC CONTENT,Read1,51% GC Reads,63344185962
READ GC CONTENT,Read1,52% GC Reads,63286633362
READ GC CONTENT,Read1,53% GC Reads,63229080762
READ GC CONTENT,Read1,54% GC Reads,58835306027
READ GC CONTENT,Read1,55% GC Reads,54441531292
READ GC CONTENT,Read1,56% GC Reads,54340645972
READ GC CONTENT,Read1,57% GC Reads,47225982910
READ GC CONTENT,Read1,58% GC Reads,40212213360
READ GC CONTENT,Read1,59% GC Reads,40212221552
READ GC CONTENT,Read1,60% GC Reads,40095284552
READ GC CONTENT,Read1,61% GC Reads,32510922191
READ GC CONTENT,Read1,62% GC Reads,25043496830
READ GC CONTENT,Read1,63% GC Reads,24943523150
READ GC CONTENT,Read1,64% GC Reads,24843549470
READ GC CONTENT,Read1,65% GC Reads,18833251550
READ GC CONTENT,Read1,66% GC Reads,12822937246
READ GC CONTENT,Read1,67% GC Reads,12755016462
READ GC CONTENT,Read1,68% GC Reads,12687112062
READ GC CONTENT,Read1,69% GC Reads,9010290015
READ GC CONTENT,Read1,70% GC Reads,5333467968
READ GC CONTENT,Read1,71% GC Reads,5297436888
READ GC CONTENT,Read1,72% GC Reads,3512743176
READ GC CONTENT,Read1,73% GC Reads,1764080544
READ GC CONTENT,Read1,74% GC Reads,1764080544
READ GC CONTENT,Read1,75% GC Reads,1749460224
READ GC CONTENT,Read1,76% GC Reads,1091601075
READ GC CONTENT,Read1,77% GC Reads,448362246
READ GC CONTENT,Read1,78% GC Reads,448370438
READ GC CONTENT,Read1,79% GC Reads,443990830
READ GC CONTENT,Read1,80% GC Reads,263760058
READ GC CONTENT,Read1,81% GC Reads,87917086
READ GC CONTENT,Read1,82% GC Reads,87917086
READ GC CONTENT,Read1,83% GC Reads,49177963
READ GC CONTENT,Read1,84% GC Reads,10438840
READ GC CONTENT,Read1,85% GC Reads,10438840
READ GC CONTENT,Read1,86% GC Reads,10430648
READ GC CONTENT,Read1,87% GC Reads,5705679
READ GC CONTENT,Read1,88% GC Reads,988902
READ GC CONTENT,Read1,89% GC Reads,988902
READ GC CONTENT,Read1,90% GC Reads,971862
READ GC CONTENT,Read1,91% GC Reads,680565
READ GC CONTENT,Read1,92% GC Reads,406308
READ GC CONTENT,Read1,93% GC Reads,406308
READ GC CONTENT,Read1,94% GC Reads,247389
READ GC CONTENT,Read1,95% GC Reads,88470
READ GC CONTENT,Read1,96% GC Reads,88470
READ GC CONTENT,Read1,97% GC Reads,88470
READ GC CONTENT,Read1,98% GC Reads,44235
READ GC CONTENT,Read1,99% GC Reads,0
READ GC CONTENT,Read1,100% GC Reads,0
READ GC CONTENT QUALITY,Read1,0% GC Reads Average Quality,28.00
READ GC CONTENT QUALITY,Read1,1% GC Reads Average Quality,28.00
READ GC CONTENT QUALITY,Read1,2% GC Reads Average Quality,25.94
READ GC CONTENT QUALITY,Read1,3% GC Reads Average Quality,25.08
READ GC CONTENT QUALITY,Read1,4% GC Reads Average Quality,25.08
READ GC CONTENT QUALITY,Read1,5% GC Reads Average Quality,25.08
READ GC CONTENT QUALITY,Read1,6% GC Reads Average Quality,24.53
READ GC CONTENT QUALITY,Read1,7% GC Reads Average Quality,24.40
READ GC CONTENT QUALITY,Read1,8% GC Reads Average Quality,24.40
READ GC CONTENT QUALITY,Read1,9% GC Reads Average Quality,24.31
READ GC CONTENT QUALITY,Read1,10% GC Reads Average Quality,24.29
READ GC CONTENT QUALITY,Read1,11% GC Reads Average Quality,24.29
READ GC CONTENT QUALITY,Read1,12% GC Reads Average Quality,24.29
READ GC CONTENT QUALITY,Read1,13% GC Reads Average Quality,26.34
READ GC CONTENT QUALITY,Read1,14% GC Reads Average Quality,26.95
READ GC CONTENT QUALITY,Read1,15% GC Reads Average Quality,26.95
READ GC CONTENT QUALITY,Read1,16% GC Reads Average Quality,26.95
READ GC CONTENT QUALITY,Read1,17% GC Reads Average Quality,30.42
READ GC CONTENT QUALITY,Read1,18% GC Reads Average Quality,31.09
READ GC CONTENT QUALITY,Read1,19% GC Reads Average Quality,31.09
READ GC CONTENT QUALITY,Read1,20% GC Reads Average Quality,32.20
READ GC CONTENT QUALITY,Read1,21% GC Reads Average Quality,32.41
READ GC CONTENT QUALITY,Read1,22% GC Reads Average Quality,32.41
READ GC CONTENT QUALITY,Read1,23% GC Reads Average Quality,32.41
READ GC CONTENT QUALITY,Read1,24% GC Reads Average Quality,32.68
READ GC CONTENT QUALITY,Read1,25% GC Reads Average Quality,32.75
READ GC CONTENT QUALITY,Read1,26% GC Reads Average Quality,32.74
READ GC CONTENT QUALITY,Read1,27% GC Reads Average Quality,32.74
READ GC CONTENT QUALITY,Read1,28% GC Reads Average Quality,32.82
READ GC CONTENT QUALITY,Read1,29% GC Reads Average Quality,32.84
READ GC CONTENT QUALITY,Read1,30% GC Reads Average Quality,32.83
READ GC CONTENT QUALITY,Read1,31% GC Reads Average Quality,32.87
READ GC CONTENT QUALITY,Read1,32% GC Reads Average Quality,32.88
READ GC CONTENT QUALITY,Read1,33% GC Reads Average Quality,32.88
READ GC CONTENT QUALITY,Read1,34% GC Reads Average Quality,32.87
READ GC CONTENT QUALITY,Read1,35% GC Reads Average Quality,32.89
READ GC CONTENT QUALITY,Read1,36% GC Reads Average Quality,32.90
READ GC CONTENT QUALITY,Read1,37% GC Reads Average Quality,32.90
READ GC CONTENT QUALITY,Read1,38% GC Reads Average Quality,32.89
READ GC CONTENT QUALITY,Read1,39% GC Reads Average Quality,32.90
READ GC CONTENT QUALITY,Read1,40% GC Reads Average Quality,32.91
READ GC CONTENT QUALITY,Read1,41% GC Reads Average Quality,32.90
READ GC CONTENT QUALITY,Read1,42% GC Reads Average Quality,32.90
READ GC CONTENT QUALITY,Read1,43% GC Reads Average Quality,32.91
READ GC CONTENT QUALITY,Read1,44% GC Reads Average Quality,32.92
READ GC CONTENT QUALITY,Read1,45% GC Reads Average Quality,32.92
READ GC CONTENT QUALITY,Read1,46% GC Reads Average Quality,32.92
READ GC CONTENT QUALITY,Read1,47% GC Reads Average Quality,32.93
READ GC CONTENT QUALITY,Read1,48% GC Reads Average Quality,32.93
READ GC CONTENT QUALITY,Read1,49% GC Reads Average Quality,32.93
READ GC CONTENT QUALITY,Read1,50% GC Reads Average Quality,32.93
READ GC CONTENT QUALITY,Read1,51% GC Reads Average Quality,32.94
READ GC CONTENT QUALITY,Read1,52% GC Reads Average Quality,32.94
READ GC CONTENT QUALITY,Read1,53% GC Reads Average Quality,32.94
READ GC CONTENT QUALITY,Read1,54% GC Reads Average Quality,32.94
READ GC CONTENT QUALITY,Read1,55% GC Reads Average Quality,32.94
READ GC CONTENT QUALITY,Read1,56% GC Reads Average Quality,32.94
READ GC CONTENT QUALITY,Read1,57% GC Reads Average Quality,32.94
READ GC CONTENT QUALITY,Read1,58% GC Reads Average Quality,32.94
READ GC CONTENT QUALITY,Read1,59% GC Reads Average Quality,32.94
READ GC CONTENT QUALITY,Read1,60% GC Reads Average Quality,32.94
READ GC CONTENT QUALITY,Read1,61% GC Reads Average Quality,32.94
READ GC CONTENT QUALITY,Read1,62% GC Reads Average Quality,32.94
READ GC CONTENT QUALITY,Read1,63% GC Reads Average Quality,32.94
READ GC CONTENT QUALITY,Read1,64% GC Reads Average Quality,32.94
READ GC CONTENT QUALITY,Read1,65% GC Reads Average Quality,32.94
READ GC CONTENT QUALITY,Read1,66% GC Reads Average Quality,32.93
READ GC CONTENT QUALITY,Read1,67% GC Reads Average Quality,32.93
READ GC CONTENT QUALITY,Read1,68% GC Reads Average Quality,32.94
READ GC CONTENT QUALITY,Read1,69% GC Reads Average Quality,32.93
READ GC CONTENT QUALITY,Read1,70% GC Reads Average Quality,32.91
READ GC CONTENT QUALITY,Read1,71% GC Reads Average Quality,32.92
READ GC CONTENT QUALITY,Read1,72% GC Reads Average Quality,32.92
READ GC CONTENT QUALITY,Read1,73% GC Reads Average Quality,32.89
READ GC CONTENT QUALITY,Read1,74% GC Reads Average Quality,32.89
READ GC CONTENT QUALITY,Read1,75% GC Reads Average Quality,32.90
READ GC CONTENT QUALITY,Read1,76% GC Reads Average Quality,32.90
READ GC CONTENT QUALITY,Read1,77% GC Reads Average Quality,32.87
READ GC CONTENT QUALITY,Read1,78% GC Reads Average Quality,32.87
READ GC CONTENT QUALITY,Read1,79% GC Reads Average Quality,32.88
READ GC CONTENT QUALITY,Read1,80% GC Reads Average Quality,32.88
READ GC CONTENT QUALITY,Read1,81% GC Reads Average Quality,32.84
READ GC CONTENT QUALITY,Read1,82% GC Reads Average Quality,32.84
READ GC CONTENT QUALITY,Read1,83% GC Reads Average Quality,32.82
READ GC CONTENT QUALITY,Read1,84% GC Reads Average Quality,32.62
READ GC CONTENT QUALITY,Read1,85% GC Reads Average Quality,32.62
READ GC CONTENT QUALITY,Read1,86% GC Reads Average Quality,32.62
READ GC CONTENT QUALITY,Read1,87% GC Reads Average Quality,32.56
READ GC CONTENT QUALITY,Read1,88% GC Reads Average Quality,31.84
READ GC CONTENT QUALITY,Read1,89% GC Reads Average Quality,31.84
READ GC CONTENT QUALITY,Read1,90% GC Reads Average Quality,31.80
READ GC CONTENT QUALITY,Read1,91% GC Reads Average Quality,30.39
READ GC CONTENT QUALITY,Read1,92% GC Reads Average Quality,27.17
READ GC CONTENT QUALITY,Read1,93% GC Reads Average Quality,27.17
READ GC CONTENT QUALITY,Read1,94% GC Reads Average Quality,27.04
READ GC CONTENT QUALITY,Read1,95% GC Reads Average Quality,26.40
READ GC CONTENT QUALITY,Read1,96% GC Reads Average Quality,26.40
READ GC CONTENT QUALITY,Read1,97% GC Reads Average Quality,26.40
READ GC CONTENT QUALITY,Read1,98% GC Reads Average Quality,26.40
READ GC CONTENT QUALITY,Read1,99% GC Reads Average Quality,NA
READ GC CONTENT QUALITY,Read1,100% GC Reads Average Quality,NA
SEQUENCE POSITIONS,Read1,'AGATCGGAAGAG' 1bp Starts,199
SEQUENCE POSITIONS,Read1,'AGATCGGAAGAG' 2bp Starts,141
SEQUENCE POSITIONS,Read1,'AGATCGGAAGAG' 3bp Starts,169
SEQUENCE POSITIONS,Read1,'AGATCGGAAGAG' 4bp Starts,221
SEQUENCE POSITIONS,Read1,'AGATCGGAAGAG' 5bp Starts,270
SEQUENCE POSITIONS,Read1,'AGATCGGAAGAG' 6bp Starts,311
SEQUENCE POSITIONS,Read1,'AGATCGGAAGAG' 7bp Starts,484
SEQUENCE POSITIONS,Read1,'AGATCGGAAGAG' 8bp Starts,591
SEQUENCE POSITIONS,Read1,'AGATCGGAAGAG' 9bp Starts,734
SEQUENCE POSITIONS,Read1,'AGATCGGAAGAG' 10bp Starts,626
SEQUENCE POSITIONS,Read1,'AGATCGGAAGAG' 11bp Starts,838
SEQUENCE POSITIONS,Read1,'AGATCGGAAGAG' 12bp Starts,951
SEQUENCE POSITIONS,Read1,'AGATCGGAAGAG' 13bp Starts,1268
SEQUENCE POSITIONS,Read1,'AGATCGGAAGAG' 14bp Starts,1563
SEQUENCE POSITIONS,Read1,'AGATCGGAAGAG' 15bp Starts,1813
SEQUENCE POSITIONS,Read1,'AGATCGGAAGAG' 16bp Starts,1987
SEQUENCE POSITIONS,Read1,'AGATCGGAAGAG' Total Sequence Starts,12166
SEQUENCE POSITIONS,Read1,'TGGAATTCTCGG' 2bp Starts,3
SEQUENCE POSITIONS,Read1,'TGGAATTCTCGG' Total Sequence Starts,3
SEQUENCE POSITIONS,Read1,'GATCGTCGGACT' 1bp Starts,5
SEQUENCE POSITIONS,Read1,'GATCGTCGGACT' Total Sequence Starts,5
SEQUENCE POSITIONS,Read1,'CTGTCTCTTATA' 2bp Starts,13
SEQUENCE POSITIONS,Read1,'CTGTCTCTTATA' 3bp Starts,6
SEQUENCE POSITIONS,Read1,'CTGTCTCTTATA' 6bp Starts,21
SEQUENCE POSITIONS,Read1,'CTGTCTCTTATA' 7bp Starts,5
SEQUENCE POSITIONS,Read1,'CTGTCTCTTATA' Total Sequence Starts,45
POSITIONAL QUALITY,Read1,ReadPos 1 1% Quantile QV,12
POSITIONAL QUALITY,Read1,ReadPos 1 2% Quantile QV,26
POSITIONAL QUALITY,Read1,ReadPos 1 5% Quantile QV,34
POSITIONAL QUALITY,Read1,ReadPos 1 10% Quantile QV,34
POSITIONAL QUALITY,Read1,ReadPos 1 25% Quantile QV,34
POSITIONAL QUALITY,Read1,ReadPos 1 50% Quantile QV,34
POSITIONAL QUALITY,Read1,ReadPos 1 75% Quantile QV,34
POSITIONAL QUALITY,Read1,ReadPos 1 90% Quantile QV,34
POSITIONAL QUALITY,Read1,ReadPos 1 95% Quantile QV,34
POSITIONAL QUALITY,Read1,ReadPos 1 98% Quantile QV,34
POSITIONAL QUALITY,Read1,ReadPos 1 99% Quantile QV,34
POSITIONAL QUALITY,Read1,ReadPos 2 1% Quantile QV,12
POSITIONAL QUALITY,Read1,ReadPos 2 2% Quantile QV,26
POSITIONAL QUALITY,Read1,ReadPos 2 5% Quantile QV,34
POSITIONAL QUALITY,Read1,ReadPos 2 10% Quantile QV,34
POSITIONAL QUALITY,Read1,ReadPos 2 25% Quantile QV,34
POSITIONAL QUALITY,Read1,ReadPos 2 50% Quantile QV,34
POSITIONAL QUALITY,Read1,ReadPos 2 75% Quantile QV,34
POSITIONAL QUALITY,Read1,ReadPos 2 90% Quantile QV,34
POSITIONAL QUALITY,Read1,ReadPos 2 95% Quantile QV,34
POSITIONAL QUALITY,Read1,ReadPos 2 98% Quantile QV,34
POSITIONAL QUALITY,Read1,ReadPos 2 99% Quantile QV,34
POSITIONAL QUALITY,Read1,ReadPos 3 1% Quantile QV,12
POSITIONAL QUALITY,Read1,ReadPos 3 2% Quantile QV,12
POSITIONAL QUALITY,Read1,ReadPos 3 5% Quantile QV,34
POSITIONAL QUALITY,Read1,ReadPos 3 10% Quantile QV,34
POSITIONAL QUALITY,Read1,ReadPos 3 25% Quantile QV,34
POSITIONAL QUALITY,Read1,ReadPos 3 50% Quantile QV,34
POSITIONAL QUALITY,Read1,ReadPos 3 75% Quantile QV,34
POSITIONAL QUALITY,Read1,ReadPos 3 90% Quantile QV,34
POSITIONAL QUALITY,Read1,ReadPos 3 95% Quantile QV,34
POSITIONAL QUALITY,Read1,ReadPos 3 98% Quantile QV,34
POSITIONAL QUALITY,Read1,ReadPos 3 99% Quantile QV,34
POSITIONAL QUALITY,Read1,ReadPos 4 1% Quantile QV,12
POSITIONAL QUALITY,Read1,ReadPos 4 2% Quantile QV,12
POSITIONAL QUALITY,Read1,ReadPos 4 5% Quantile QV,34
POSITIONAL QUALITY,Read1,ReadPos 4 10% Quantile QV,34
POSITIONAL QUALITY,Read1,ReadPos 4 25% Quantile QV,34
POSITIONAL QUALITY,Read1,ReadPos 4 50% Quantile QV,34
POSITIONAL QUALITY,Read1,ReadPos 4 75% Quantile QV,34
POSITIONAL QUALITY,Read1,ReadPos 4 90% Quantile QV,34
POSITIONAL QUALITY,Read1,ReadPos 4 95% Quantile QV,34
POSITIONAL QUALITY,Read1,ReadPos 4 98% Quantile QV,34
POSITIONAL QUALITY,Read1,ReadPos 4 99% Quantile QV,34
POSITIONAL QUALITY,Read1,ReadPos 5 1% Quantile QV,12
POSITIONAL QUALITY,Read1,ReadPos 5 2% Quantile QV,12
POSITIONAL QUALITY,Read1,ReadPos 5 5% Quantile QV,34
POSITIONAL QUALITY,Read1,ReadPos 5 10% Quantile QV,34
POSITIONAL QUALITY,Read1,ReadPos 5 25% Quantile QV,34
POSITIONAL QUALITY,Read1,ReadPos 5 50% Quantile QV,34
POSITIONAL QUALITY,Read1,ReadPos 5 75% Quantile QV,34
POSITIONAL QUALITY,Read1,ReadPos 5 90% Quantile QV,34
POSITIONAL QUALITY,Read1,ReadPos 5 95% Quantile QV,34
POSITIONAL QUALITY,Read1,ReadPos 5 98% Quantile QV,34
POSITIONAL QUALITY,Read1,ReadPos 5 99% Quantile QV,34
POSITIONAL QUALITY,Read1,ReadPos 6 1% Quantile QV,12
POSITIONAL QUALITY,Read1,ReadPos 6 2% Quantile QV,26
POSITIONAL QUALITY,Read1,ReadPos 6 5% Quantile QV,34
POSITIONAL QUALITY,Read1,ReadPos 6 10% Quantile QV,34
POSITIONAL QUALITY,Read1,ReadPos 6 25% Quantile QV,34
POSITIONAL QUALITY,Read1,ReadPos 6 50% Quantile QV,34
POSITIONAL QUALITY,Read1,ReadPos 6 75% Quantile QV,34
POSITIONAL QUALITY,Read1,ReadPos 6 90% Quantile QV,34
POSITIONAL QUALITY,Read1,ReadPos 6 95% Quantile QV,34
POSITIONAL QUALITY,Read1,ReadPos 6 98% Quantile QV,34
POSITIONAL QUALITY,Read1,ReadPos 6 99% Quantile QV,34
POSITIONAL QUALITY,Read1,ReadPos 7 1% Quantile QV,12
POSITIONAL QUALITY,Read1,ReadPos 7 2% Quantile QV,26
POSITIONAL QUALITY,Read1,ReadPos 7 5% Quantile QV,34
POSITIONAL QUALITY,Read1,ReadPos 7 10% Quantile QV,34
POSITIONAL QUALITY,Read1,ReadPos 7 25% Quantile QV,34
POSITIONAL QUALITY,Read1,ReadPos 7 50% Quantile QV,34
POSITIONAL QUALITY,Read1,ReadPos 7 75% Quantile QV,34
POSITIONAL QUALITY,Read1,ReadPos 7 90% Quantile QV,34
POSITIONAL QUALITY,Read1,ReadPos 7 95% Quantile QV,34
POSITIONAL QUALITY,Read1,ReadPos 7 98% Quantile QV,34
POSITIONAL QUALITY,Read1,ReadPos 7 99% Quantile QV,34
POSITIONAL QUALITY,Read1,ReadPos 8 1% Quantile QV,12
POSITIONAL QUALITY,Read1,ReadPos 8 2% Quantile QV,26
POSITIONAL QUALITY,Read1,ReadPos 8 5% Quantile QV,34
POSITIONAL QUALITY,Read1,ReadPos 8 10% Quantile QV,34
POSITIONAL QUALITY,Read1,ReadPos 8 25% Quantile QV,34
POSITIONAL QUALITY,Read1,ReadPos 8 50% Quantile QV,34
POSITIONAL QUALITY,Read1,ReadPos 8 75% Quantile QV,34
POSITIONAL QUALITY,Read1,ReadPos 8 90% Quantile QV,34
POSITIONAL QUALITY,Read1,ReadPos 8 95% Quantile QV,34
POSITIONAL QUALITY,Read1,ReadPos 8 98% Quantile QV,34
POSITIONAL QUALITY,Read1,ReadPos 8 99% Quantile QV,34
POSITIONAL QUALITY,Read1,ReadPos 9 1% Quantile QV,12
POSITIONAL QUALITY,Read1,ReadPos 9 2% Quantile QV,26
POSITIONAL QUALITY,Read1,ReadPos 9 5% Quantile QV,34
POSITIONAL QUALITY,Read1,ReadPos 9 10% Quantile QV,34
POSITIONAL QUALITY,Read1,ReadPos 9 25% Quantile QV,34
POSITIONAL QUALITY,Read1,ReadPos 9 50% Quantile QV,34
POSITIONAL QUALITY,Read1,ReadPos 9 75% Quantile QV,34
POSITIONAL QUALITY,Read1,ReadPos 9 90% Quantile QV,34
POSITIONAL QUALITY,Read1,ReadPos 9 95% Quantile QV,34
POSITIONAL QUALITY,Read1,ReadPos 9 98% Quantile QV,34
POSITIONAL QUALITY,Read1,ReadPos 9 99% Quantile QV,34
POSITIONAL QUALITY,Read1,ReadPos 10 1% Quantile QV,12
POSITIONAL QUALITY,Read1,ReadPos 10 2% Quantile QV,26
POSITIONAL QUALITY,Read1,ReadPos 10 5% Quantile QV,34
POSITIONAL QUALITY,Read1,ReadPos 10 10% Quantile QV,34
POSITIONAL QUALITY,Read1,ReadPos 10 25% Quantile QV,34
POSITIONAL QUALITY,Read1,ReadPos 10 50% Quantile QV,34
POSITIONAL QUALITY,Read1,ReadPos 10 75% Quantile QV,34
POSITIONAL QUALITY,Read1,ReadPos 10 90% Quantile QV,34
POSITIONAL QUALITY,Read1,ReadPos 10 95% Quantile QV,34
POSITIONAL QUALITY,Read1,ReadPos 10 98% Quantile QV,34
POSITIONAL QUALITY,Read1,ReadPos 10 99% Quantile QV,34
POSITIONAL QUALITY,Read1,ReadPos 11 1% Quantile QV,12
POSITIONAL QUALITY,Read1,ReadPos 11 2% Quantile QV,26
POSITIONAL QUALITY,Read1,ReadPos 11 5% Quantile QV,34
POSITIONAL QUALITY,Read1,ReadPos 11 10% Quantile QV,34
POSITIONAL QUALITY,Read1,ReadPos 11 25% Quantile QV,34
POSITIONAL QUALITY,Read1,ReadPos 11 50% Quantile QV,34
POSITIONAL QUALITY,Read1,ReadPos 11 75% Quantile QV,34
POSITIONAL QUALITY,Read1,ReadPos 11 90% Quantile QV,34
POSITIONAL QUALITY,Read1,ReadPos 11 95% Quantile QV,34
POSITIONAL QUALITY,Read1,ReadPos 11 98% Quantile QV,34
POSITIONAL QUALITY,Read1,ReadPos 11 99% Quantile QV,34
POSITIONAL QUALITY,Read1,ReadPos 12 1% Quantile QV,12
POSITIONAL QUALITY,Read1,ReadPos 12 2% Quantile QV,26
POSITIONAL QUALITY,Read1,ReadPos 12 5% Quantile QV,34
POSITIONAL QUALITY,Read1,ReadPos 12 10% Quantile QV,34
POSITIONAL QUALITY,Read1,ReadPos 12 25% Quantile QV,34
POSITIONAL QUALITY,Read1,ReadPos 12 50% Quantile QV,34
POSITIONAL QUALITY,Read1,ReadPos 12 75% Quantile QV,34
POSITIONAL QUALITY,Read1,ReadPos 12 90% Quantile QV,34
POSITIONAL QUALITY,Read1,ReadPos 12 95% Quantile QV,34
POSITIONAL QUALITY,Read1,ReadPos 12 98% Quantile QV,34
POSITIONAL QUALITY,Read1,ReadPos 12 99% Quantile QV,34
POSITIONAL QUALITY,Read1,ReadPos 13 1% Quantile QV,12
POSITIONAL QUALITY,Read1,ReadPos 13 2% Quantile QV,26
POSITIONAL QUALITY,Read1,ReadPos 13 5% Quantile QV,34
POSITIONAL QUALITY,Read1,ReadPos 13 10% Quantile QV,34
POSITIONAL QUALITY,Read1,ReadPos 13 25% Quantile QV,34
POSITIONAL QUALITY,Read1,ReadPos 13 50% Quantile QV,34
POSITIONAL QUALITY,Read1,ReadPos 13 75% Quantile QV,34
POSITIONAL QUALITY,Read1,ReadPos 13 90% Quantile QV,34
POSITIONAL QUALITY,Read1,ReadPos 13 95% Quantile QV,34
POSITIONAL QUALITY,Read1,ReadPos 13 98% Quantile QV,34
POSITIONAL QUALITY,Read1,ReadPos 13 99% Quantile QV,34
POSITIONAL QUALITY,Read1,ReadPos 14 1% Quantile QV,12
POSITIONAL QUALITY,Read1,ReadPos 14 2% Quantile QV,26
POSITIONAL QUALITY,Read1,ReadPos 14 5% Quantile QV,34
POSITIONAL QUALITY,Read1,ReadPos 14 10% Quantile QV,34
POSITIONAL QUALITY,Read1,ReadPos 14 25% Quantile QV,34
POSITIONAL QUALITY,Read1,ReadPos 14 50% Quantile QV,34
POSITIONAL QUALITY,Read1,ReadPos 14 75% Quantile QV,34
POSITIONAL QUALITY,Read1,ReadPos 14 90% Quantile QV,34
POSITIONAL QUALITY,Read1,ReadPos 14 95% Quantile QV,34
POSITIONAL QUALITY,Read1,ReadPos 14 98% Quantile QV,34
POSITIONAL QUALITY,Read1,ReadPos 14 99% Quantile QV,34
POSITIONAL QUALITY,Read1,ReadPos 15 1% Quantile QV,12
POSITIONAL QUALITY,Read1,ReadPos 15 2% Quantile QV,26
POSITIONAL QUALITY,Read1,ReadPos 15 5% Quantile QV,34
POSITIONAL QUALITY,Read1,ReadPos 15 10% Quantile QV,34
POSITIONAL QUALITY,Read1,ReadPos 15 25% Quantile QV,34
POSITIONAL QUALITY,Read1,ReadPos 15 50% Quantile QV,34
POSITIONAL QUALITY,Read1,ReadPos 15 75% Quantile QV,34
POSITIONAL QUALITY,Read1,ReadPos 15 90% Quantile QV,34
POSITIONAL QUALITY,Read1,ReadPos 15 95% Quantile QV,34
POSITIONAL QUALITY,Read1,ReadPos 15 98% Quantile QV,34
POSITIONAL QUALITY,Read1,ReadPos 15 99% Quantile QV,34
POSITIONAL QUALITY,Read1,ReadPos 16 1% Quantile QV,12
POSITIONAL QUALITY,Read1,ReadPos 16 2% Quantile QV,26
POSITIONAL QUALITY,Read1,ReadPos 16 5% Quantile QV,34
POSITIONAL QUALITY,Read1,ReadPos 16 10% Quantile QV,34
POSITIONAL QUALITY,Read1,ReadPos 16 25% Quantile QV,34
POSITIONAL QUALITY,Read1,ReadPos 16 50% Quantile QV,34
POSITIONAL QUALITY,Read1,ReadPos 16 75% Quantile QV,34
POSITIONAL QUALITY,Read1,ReadPos 16 90% Quantile QV,34
POSITIONAL QUALITY,Read1,ReadPos 16 95% Quantile QV,34
POSITIONAL QUALITY,Read1,ReadPos 16 98% Quantile QV,34
POSITIONAL QUALITY,Read1,ReadPos 16 99% Quantile QV,34
POSITIONAL QUALITY,Read1,ReadPos 17 1% Quantile QV,12
POSITIONAL QUALITY,Read1,ReadPos 17 2% Quantile QV,26
POSITIONAL QUALITY,Read1,ReadPos 17 5% Quantile QV,34
POSITIONAL QUALITY,Read1,ReadPos 17 10% Quantile QV,34
POSITIONAL QUALITY,Read1,ReadPos 17 25% Quantile QV,34
POSITIONAL QUALITY,Read1,ReadPos 17 50% Quantile QV,34
POSITIONAL QUALITY,Read1,ReadPos 17 75% Quantile QV,34
POSITIONAL QUALITY,Read1,ReadPos 17 90% Quantile QV,34
POSITIONAL QUALITY,Read1,ReadPos 17 95% Quantile QV,34
POSITIONAL QUALITY,Read1,ReadPos 17 98% Quantile QV,34
POSITIONAL QUALITY,Read1,ReadPos 17 99% Quantile QV,34
POSITIONAL QUALITY,Read1,ReadPos 18 1% Quantile QV,26
POSITIONAL QUALITY,Read1,ReadPos 18 2% Quantile QV,26
POSITIONAL QUALITY,Read1,ReadPos 18 5% Quantile QV,34
POSITIONAL QUALITY,Read1,ReadPos 18 10% Quantile QV,34
POSITIONAL QUALITY,Read1,ReadPos 18 25% Quantile QV,34
POSITIONAL QUALITY,Read1,ReadPos 18 50% Quantile QV,34
POSITIONAL QUALITY,Read1,ReadPos 18 75% Quantile QV,34
POSITIONAL QUALITY,Read1,ReadPos 18 90% Quantile QV,34
POSITIONAL QUALITY,Read1,ReadPos 18 95% Quantile QV,34
POSITIONAL QUALITY,Read1,ReadPos 18 98% Quantile QV,34
POSITIONAL QUALITY,Read1,ReadPos 18 99% Quantile QV,34
POSITIONAL QUALITY,Read1,ReadPos 19 1% Quantile QV,26
POSITIONAL QUALITY,Read1,ReadPos 19 2% Quantile QV,34
POSITIONAL QUALITY,Read1,ReadPos 19 5% Quantile QV,34
POSITIONAL QUALITY,Read1,ReadPos 19 10% Quantile QV,34
POSITIONAL QUALITY,Read1,ReadPos 19 25% Quantile QV,34
POSITIONAL QUALITY,Read1,ReadPos 19 50% Quantile QV,34
POSITIONAL QUALITY,Read1,ReadPos 19 75% Quantile QV,34
POSITIONAL QUALITY,Read1,ReadPos 19 90% Quantile QV,34
POSITIONAL QUALITY,Read1,ReadPos 19 95% Quantile QV,34
POSITIONAL QUALITY,Read1,ReadPos 19 98% Quantile QV,34
POSITIONAL QUALITY,Read1,ReadPos 19 99% Quantile QV,34
POSITIONAL QUALITY,Read1,ReadPos 20 1% Quantile QV,12
POSITIONAL QUALITY,Read1,ReadPos 20 2% Quantile QV,26
POSITIONAL QUALITY,Read1,ReadPos 20 5% Quantile QV,34
POSITIONAL QUALITY,Read1,ReadPos 20 10% Quantile QV,34
POSITIONAL QUALITY,Read1,ReadPos 20 25% Quantile QV,34
POSITIONAL QUALITY,Read1,ReadPos 20 50% Quantile QV,34
POSITIONAL QUALITY,Read1,ReadPos 20 75% Quantile QV,34
POSITIONAL QUALITY,Read1,ReadPos 20 90% Quantile QV,34
POSITIONAL QUALITY,Read1,ReadPos 20 95% Quantile QV,34
POSITIONAL QUALITY,Read1,ReadPos 20 98% Quantile QV,34
POSITIONAL QUALITY,Read1,ReadPos 20 99% Quantile QV,34
POSITIONAL QUALITY,Read1,ReadPos 21 1% Quantile QV,26
POSITIONAL QUALITY,Read1,ReadPos 21 2% Quantile QV,26
POSITIONAL QUALITY,Read1,ReadPos 21 5% Quantile QV,34
POSITIONAL QUALITY,Read1,ReadPos 21 10% Quantile QV,34
POSITIONAL QUALITY,Read1,ReadPos 21 25% Quantile QV,34
POSITIONAL QUALITY,Read1,ReadPos 21 50% Quantile QV,34
POSITIONAL QUALITY,Read1,ReadPos 21 75% Quantile QV,34
POSITIONAL QUALITY,Read1,ReadPos 21 90% Quantile QV,34
POSITIONAL QUALITY,Read1,ReadPos 21 95% Quantile QV,34
POSITIONAL QUALITY,Read1,ReadPos 21 98% Quantile QV,34
POSITIONAL QUALITY,Read1,ReadPos 21 99% Quantile QV,34
POSITIONAL QUALITY,Read1,ReadPos 22 1% Quantile QV,26
POSITIONAL QUALITY,Read1,ReadPos 22 2% Quantile QV,26
POSITIONAL QUALITY,Read1,ReadPos 22 5% Quantile QV,34
POSITIONAL QUALITY,Read1,ReadPos 22 10% Quantile QV,34
POSITIONAL QUALITY,Read1,ReadPos 22 25% Quantile QV,34
POSITIONAL QUALITY,Read1,ReadPos 22 50% Quantile QV,34
POSITIONAL QUALITY,Read1,ReadPos 22 75% Quantile QV,34
POSITIONAL QUALITY,Read1,ReadPos 22 90% Quantile QV,34
POSITIONAL QUALITY,Read1,ReadPos 22 95% Quantile QV,34
POSITIONAL QUALITY,Read1,ReadPos 22 98% Quantile QV,34
POSITIONAL QUALITY,Read1,ReadPos 22 99% Quantile QV,34
POSITIONAL QUALITY,Read1,ReadPos 23 1% Quantile QV,12
POSITIONAL QUALITY,Read1,ReadPos 23 2% Quantile QV,26
POSITIONAL QUALITY,Read1,ReadPos 23 5% Quantile QV,34
POSITIONAL QUALITY,Read1,ReadPos 23 10% Quantile QV,34
POSITIONAL QUALITY,Read1,ReadPos 23 25% Quantile QV,34
POSITIONAL QUALITY,Read1,ReadPos 23 50% Quantile QV,34
POSITIONAL QUALITY,Read1,ReadPos 23 75% Quantile QV,34
POSITIONAL QUALITY,Read1,ReadPos 23 90% Quantile QV,34
POSITIONAL QUALITY,Read1,ReadPos 23 95% Quantile QV,34
POSITIONAL QUALITY,Read1,ReadPos 23 98% Quantile QV,34
POSITIONAL QUALITY,Read1,ReadPos 23 99% Quantile QV,34
POSITIONAL QUALITY,Read1,ReadPos 24 1% Quantile QV,12
POSITIONAL QUALITY,Read1,ReadPos 24 2% Quantile QV,26
POSITIONAL QUALITY,Read1,ReadPos 24 5% Quantile QV,34
POSITIONAL QUALITY,Read1,ReadPos 24 10% Quantile QV,34
POSITIONAL QUALITY,Read1,ReadPos 24 25% Quantile QV,34
POSITIONAL QUALITY,Read1,ReadPos 24 50% Quantile QV,34
POSITIONAL QUALITY,Read1,ReadPos 24 75% Quantile QV,34
POSITIONAL QUALITY,Read1,ReadPos 24 90% Quantile QV,34
POSITIONAL QUALITY,Read1,ReadPos 24 95% Quantile QV,34
POSITIONAL QUALITY,Read1,ReadPos 24 98% Quantile QV,34
POSITIONAL QUALITY,Read1,ReadPos 24 99% Quantile QV,34
POSITIONAL QUALITY,Read1,ReadPos 25 1% Quantile QV,12
POSITIONAL QUALITY,Read1,ReadPos 25 2% Quantile QV,26
POSITIONAL QUALITY,Read1,ReadPos 25 5% Quantile QV,34
POSITIONAL QUALITY,Read1,ReadPos 25 10% Quantile QV,34
POSITIONAL QUALITY,Read1,ReadPos 25 25% Quantile QV,34
POSITIONAL QUALITY,Read1,ReadPos 25 50% Quantile QV,34
POSITIONAL QUALITY,Read1,ReadPos 25 75% Quantile QV,34
POSITIONAL QUALITY,Read1,ReadPos 25 90% Quantile QV,34
POSITIONAL QUALITY,Read1,ReadPos 25 95% Quantile QV,34
POSITIONAL QUALITY,Read1,ReadPos 25 98% Quantile QV,34
POSITIONAL QUALITY,Read1,ReadPos 25 99% Quantile QV,34
POSITIONAL QUALITY,Read1,ReadPos 26 1% Quantile QV,12
POSITIONAL QUALITY,Read1,ReadPos 26 2% Quantile QV,26
POSITIONAL QUALITY,Read1,ReadPos 26 5% Quantile QV,34
POSITIONAL QUALITY,Read1,ReadPos 26 10% Quantile QV,34
POSITIONAL QUALITY,Read1,ReadPos 26 25% Quantile QV,34
POSITIONAL QUALITY,Read1,ReadPos 26 50% Quantile QV,34
POSITIONAL QUALITY,Read1,ReadPos 26 75% Quantile QV,34
POSITIONAL QUALITY,Read1,ReadPos 26 90% Quantile QV,34
POSITIONAL QUALITY,Read1,ReadPos 26 95% Quantile QV,34
POSITIONAL QUALITY,Read1,ReadPos 26 98% Quantile QV,34
POSITIONAL QUALITY,Read1,ReadPos 26 99% Quantile QV,34
POSITIONAL QUALITY,Read1,ReadPos 27 1% Quantile QV,12
POSITIONAL QUALITY,Read1,ReadPos 27 2% Quantile QV,12
POSITIONAL QUALITY,Read1,ReadPos 27 5% Quantile QV,12
POSITIONAL QUALITY,Read1,ReadPos 27 10% Quantile QV,12
POSITIONAL QUALITY,Read1,ReadPos 27 25% Quantile QV,12
POSITIONAL QUALITY,Read1,ReadPos 27 50% Quantile QV,12
POSITIONAL QUALITY,Read1,ReadPos 27 75% Quantile QV,26
POSITIONAL QUALITY,Read1,ReadPos 27 90% Quantile QV,34
POSITIONAL QUALITY,Read1,ReadPos 27 95% Quantile QV,34
POSITIONAL QUALITY,Read1,ReadPos 27 98% Quantile QV,34
POSITIONAL QUALITY,Read1,ReadPos 27 99% Quantile QV,34
READ MEAN QUALITY,Read2,Q12 Reads,16
READ MEAN QUALITY,Read2,Q13 Reads,172
READ MEAN QUALITY,Read2,Q14 Reads,538
READ MEAN QUALITY,Read2,Q15 Reads,1463
READ MEAN QUALITY,Read2,Q16 Reads,1987
READ MEAN QUALITY,Read2,Q17 Reads,2769
READ MEAN QUALITY,Read2,Q18 Reads,3522
READ MEAN QUALITY,Read2,Q19 Reads,4754
READ MEAN QUALITY,Read2,Q20 Reads,7972
READ MEAN QUALITY,Read2,Q21 Reads,14450
READ MEAN QUALITY,Read2,Q22 Reads,17572
READ MEAN QUALITY,Read2,Q23 Reads,31298
READ MEAN QUALITY,Read2,Q24 Reads,48070
READ MEAN QUALITY,Read2,Q25 Reads,65499
READ MEAN QUALITY,Read2,Q26 Reads,80879
READ MEAN QUALITY,Read2,Q27 Reads,131542
READ MEAN QUALITY,Read2,Q28 Reads,154053
READ MEAN QUALITY,Read2,Q29 Reads,208440
READ MEAN QUALITY,Read2,Q30 Reads,309204
READ MEAN QUALITY,Read2,Q31 Reads,481830
READ MEAN QUALITY,Read2,Q32 Reads,1821890
READ MEAN QUALITY,Read2,Q33 Reads,16007223
READ MEAN QUALITY,Read2,Q34 Reads,6353911
POSITIONAL BASE MEAN QUALITY,Read2,ReadPos 1 A Average Quality,33.91
POSITIONAL BASE MEAN QUALITY,Read2,ReadPos 2 A Average Quality,33.87
POSITIONAL BASE MEAN QUALITY,Read2,ReadPos 3 A Average Quality,33.76
POSITIONAL BASE MEAN QUALITY,Read2,ReadPos 4 A Average Quality,33.40
POSITIONAL BASE MEAN QUALITY,Read2,ReadPos 5 A Average Quality,33.29
POSITIONAL BASE MEAN QUALITY,Read2,ReadPos 6 A Average Quality,33.43
POSITIONAL BASE MEAN QUALITY,Read2,ReadPos 7 A Average Quality,33.37
POSITIONAL BASE MEAN QUALITY,Read2,ReadPos 8 A Average Quality,33.71
POSITIONAL BASE MEAN QUALITY,Read2,ReadPos 9 A Average Quality,33.75
POSITIONAL BASE MEAN QUALITY,Read2,ReadPos 10 A Average Quality,33.47
POSITIONAL BASE MEAN QUALITY,Read2,ReadPos 11 A Average Quality,33.64
POSITIONAL BASE MEAN QUALITY,Read2,ReadPos 12 A Average Quality,33.79
POSITIONAL BASE MEAN QUALITY,Read2,ReadPos 13 A Average Quality,33.56
POSITIONAL BASE MEAN QUALITY,Read2,ReadPos 14 A Average Quality,33.52
POSITIONAL BASE MEAN QUALITY,Read2,ReadPos 15 A Average Quality,33.09
POSITIONAL BASE MEAN QUALITY,Read2,ReadPos 16 A Average Quality,33.33
POSITIONAL BASE MEAN QUALITY,Read2,ReadPos 17 A Average Quality,33.28
POSITIONAL BASE MEAN QUALITY,Read2,ReadPos 18 A Average Quality,33.30
POSITIONAL BASE MEAN QUALITY,Read2,ReadPos 19 A Average Quality,33.31
POSITIONAL BASE MEAN QUALITY,Read2,ReadPos 20 A Average Quality,33.31
POSITIONAL BASE MEAN QUALITY,Read2,ReadPos 21 A Average Quality,33.29
POSITIONAL BASE MEAN QUALITY,Read2,ReadPos 22 A Average Quality,33.27
POSITIONAL BASE MEAN QUALITY,Read2,ReadPos 23 A Average Quality,33.28
POSITIONAL BASE MEAN QUALITY,Read2,ReadPos 24 A Average Quality,33.26
POSITIONAL BASE MEAN QUALITY,Read2,ReadPos 25 A Average Quality,33.17
POSITIONAL BASE MEAN QUALITY,Read2,ReadPos 26 A Average Quality,33.31
POSITIONAL BASE MEAN QUALITY,Read2,ReadPos 27 A Average Quality,18.15
POSITIONAL BASE MEAN QUALITY,Read2,ReadPos 1 C Average Quality,33.68
POSITIONAL BASE MEAN QUALITY,Read2,ReadPos 2 C Average Quality,33.71
POSITIONAL BASE MEAN QUALITY,Read2,ReadPos 3 C Average Quality,33.38
POSITIONAL BASE MEAN QUALITY,Read2,ReadPos 4 C Average Quality,33.08
POSITIONAL BASE MEAN QUALITY,Read2,ReadPos 5 C Average Quality,33.46
POSITIONAL BASE MEAN QUALITY,Read2,ReadPos 6 C Average Quality,33.67
POSITIONAL BASE MEAN QUALITY,Read2,ReadPos 7 C Average Quality,33.64
POSITIONAL BASE MEAN QUALITY,Read2,ReadPos 8 C Average Quality,33.52
POSITIONAL BASE MEAN QUALITY,Read2,ReadPos 9 C Average Quality,33.55
POSITIONAL BASE MEAN QUALITY,Read2,ReadPos 10 C Average Quality,33.61
POSITIONAL BASE MEAN QUALITY,Read2,ReadPos 11 C Average Quality,33.55
POSITIONAL BASE MEAN QUALITY,Read2,ReadPos 12 C Average Quality,33.65
POSITIONAL BASE MEAN QUALITY,Read2,ReadPos 13 C Average Quality,33.48
POSITIONAL BASE MEAN QUALITY,Read2,ReadPos 14 C Average Quality,33.53
POSITIONAL BASE MEAN QUALITY,Read2,ReadPos 15 C Average Quality,33.48
POSITIONAL BASE MEAN QUALITY,Read2,ReadPos 16 C Average Quality,33.51
POSITIONAL BASE MEAN QUALITY,Read2,ReadPos 17 C Average Quality,33.51
POSITIONAL BASE MEAN QUALITY,Read2,ReadPos 18 C Average Quality,33.50
POSITIONAL BASE MEAN QUALITY,Read2,ReadPos 19 C Average Quality,33.51
POSITIONAL BASE MEAN QUALITY,Read2,ReadPos 20 C Average Quality,33.52
POSITIONAL BASE MEAN QUALITY,Read2,ReadPos 21 C Average Quality,33.53
POSITIONAL BASE MEAN QUALITY,Read2,ReadPos 22 C Average Quality,33.52
POSITIONAL BASE MEAN QUALITY,Read2,ReadPos 23 C Average Quality,33.54
POSITIONAL BASE MEAN QUALITY,Read2,ReadPos 24 C Average Quality,33.54
POSITIONAL BASE MEAN QUALITY,Read2,ReadPos 25 C Average Quality,33.58
POSITIONAL BASE MEAN QUALITY,Read2,ReadPos 26 C Average Quality,33.63
POSITIONAL BASE MEAN QUALITY,Read2,ReadPos 27 C Average Quality,18.96
POSITIONAL BASE MEAN QUALITY,Read2,ReadPos 1 G Average Quality,33.44
POSITIONAL BASE MEAN QUALITY,Read2,ReadPos 2 G Average Quality,33.60
POSITIONAL BASE MEAN QUALITY,Read2,ReadPos 3 G Average Quality,33.44
POSITIONAL BASE MEAN QUALITY,Read2,ReadPos 4 G Average Quality,33.46
POSITIONAL BASE MEAN QUALITY,Read2,ReadPos 5 G Average Quality,33.59
POSITIONAL BASE MEAN QUALITY,Read2,ReadPos 6 G Average Quality,33.55
POSITIONAL BASE MEAN QUALITY,Read2,ReadPos 7 G Average Quality,33.62
POSITIONAL BASE MEAN QUALITY,Read2,ReadPos 8 G Average Quality,33.34
POSITIONAL BASE MEAN QUALITY,Read2,ReadPos 9 G Average Quality,33.51
POSITIONAL BASE MEAN QUALITY,Read2,ReadPos 10 G Average Quality,33.54
POSITIONAL BASE MEAN QUALITY,Read2,ReadPos 11 G Average Quality,33.46
POSITIONAL BASE MEAN QUALITY,Read2,ReadPos 12 G Average Quality,33.55
POSITIONAL BASE MEAN QUALITY,Read2,ReadPos 13 G Average Quality,33.45
POSITIONAL BASE MEAN QUALITY,Read2,ReadPos 14 G Average Quality,33.44
POSITIONAL BASE MEAN QUALITY,Read2,ReadPos 15 G Average Quality,33.44
POSITIONAL BASE MEAN QUALITY,Read2,ReadPos 16 G Average Quality,33.43
POSITIONAL BASE MEAN QUALITY,Read2,ReadPos 17 G Average Quality,33.43
POSITIONAL BASE MEAN QUALITY,Read2,ReadPos 18 G Average Quality,33.43
POSITIONAL BASE MEAN QUALITY,Read2,ReadPos 19 G Average Quality,33.43
POSITIONAL BASE MEAN QUALITY,Read2,ReadPos 20 G Average Quality,33.43
POSITIONAL BASE MEAN QUALITY,Read2,ReadPos 21 G Average Quality,33.44
POSITIONAL BASE MEAN QUALITY,Read2,ReadPos 22 G Average Quality,33.44
POSITIONAL BASE MEAN QUALITY,Read2,ReadPos 23 G Average Quality,33.47
POSITIONAL BASE MEAN QUALITY,Read2,ReadPos 24 G Average Quality,33.48
POSITIONAL BASE MEAN QUALITY,Read2,ReadPos 25 G Average Quality,33.49
POSITIONAL BASE MEAN QUALITY,Read2,ReadPos 26 G Average Quality,33.53
POSITIONAL BASE MEAN QUALITY,Read2,ReadPos 27 G Average Quality,14.67
POSITIONAL BASE MEAN QUALITY,Read2,ReadPos 1 T Average Quality,33.66
POSITIONAL BASE MEAN QUALITY,Read2,ReadPos 2 T Average Quality,33.61
POSITIONAL BASE MEAN QUALITY,Read2,ReadPos 3 T Average Quality,33.71
POSITIONAL BASE MEAN QUALITY,Read2,ReadPos 4 T Average Quality,33.77
POSITIONAL BASE MEAN QUALITY,Read2,ReadPos 5 T Average Quality,33.59
POSITIONAL BASE MEAN QUALITY,Read2,ReadPos 6 T Average Quality,33.73
POSITIONAL BASE MEAN QUALITY,Read2,ReadPos 7 T Average Quality,33.75
POSITIONAL BASE MEAN QUALITY,Read2,ReadPos 8 T Average Quality,33.45
POSITIONAL BASE MEAN QUALITY,Read2,ReadPos 9 T Average Quality,33.53
POSITIONAL BASE MEAN QUALITY,Read2,ReadPos 10 T Average Quality,33.74
POSITIONAL BASE MEAN QUALITY,Read2,ReadPos 11 T Average Quality,33.56
POSITIONAL BASE MEAN QUALITY,Read2,ReadPos 12 T Average Quality,33.69
POSITIONAL BASE MEAN QUALITY,Read2,ReadPos 13 T Average Quality,33.60
POSITIONAL BASE MEAN QUALITY,Read2,ReadPos 14 T Average Quality,33.54
POSITIONAL BASE MEAN QUALITY,Read2,ReadPos 15 T Average Quality,33.57
POSITIONAL BASE MEAN QUALITY,Read2,ReadPos 16 T Average Quality,33.53
POSITIONAL BASE MEAN QUALITY,Read2,ReadPos 17 T Average Quality,33.53
POSITIONAL BASE MEAN QUALITY,Read2,ReadPos 18 T Average Quality,33.53
POSITIONAL BASE MEAN QUALITY,Read2,ReadPos 19 T Average Quality,33.53
POSITIONAL BASE MEAN QUALITY,Read2,ReadPos 20 T Average Quality,33.52
POSITIONAL BASE MEAN QUALITY,Read2,ReadPos 21 T Average Quality,33.53
POSITIONAL BASE MEAN QUALITY,Read2,ReadPos 22 T Average Quality,33.53
POSITIONAL BASE MEAN QUALITY,Read2,ReadPos 23 T Average Quality,33.56
POSITIONAL BASE MEAN QUALITY,Read2,ReadPos 24 T Average Quality,33.55
POSITIONAL BASE MEAN QUALITY,Read2,ReadPos 25 T Average Quality,33.58
POSITIONAL BASE MEAN QUALITY,Read2,ReadPos 26 T Average Quality,33.71
POSITIONAL BASE MEAN QUALITY,Read2,ReadPos 27 T Average Quality,18.89
POSITIONAL BASE CONTENT,Read2,ReadPos 1 A Bases,5696288
POSITIONAL BASE CONTENT,Read2,ReadPos 2 A Bases,8668136
POSITIONAL BASE CONTENT,Read2,ReadPos 3 A Bases,8123244
POSITIONAL BASE CONTENT,Read2,ReadPos 4 A Bases,6727003
POSITIONAL BASE CONTENT,Read2,ReadPos 5 A Bases,827947
POSITIONAL BASE CONTENT,Read2,ReadPos 6 A Bases,6797715
POSITIONAL BASE CONTENT,Read2,ReadPos 7 A Bases,2243665
POSITIONAL BASE CONTENT,Read2,ReadPos 8 A Bases,9899973
POSITIONAL BASE CONTENT,Read2,ReadPos 9 A Bases,8837453
POSITIONAL BASE CONTENT,Read2,ReadPos 10 A Bases,1569513
POSITIONAL BASE CONTENT,Read2,ReadPos 11 A Bases,7015193
POSITIONAL BASE CONTENT,Read2,ReadPos 12 A Bases,4787977
POSITIONAL BASE CONTENT,Read2,ReadPos 13 A Bases,6715581
POSITIONAL BASE CONTENT,Read2,ReadPos 14 A Bases,6722276
POSITIONAL BASE CONTENT,Read2,ReadPos 15 A Bases,6723857
POSITIONAL BASE CONTENT,Read2,ReadPos 16 A Bases,6762449
POSITIONAL BASE CONTENT,Read2,ReadPos 17 A Bases,6789826
POSITIONAL BASE CONTENT,Read2,ReadPos 18 A Bases,6747399
POSITIONAL BASE CONTENT,Read2,ReadPos 19 A Bases,6725572
POSITIONAL BASE CONTENT,Read2,ReadPos 20 A Bases,6664805
POSITIONAL BASE CONTENT,Read2,ReadPos 21 A Bases,6660073
POSITIONAL BASE CONTENT,Read2,ReadPos 22 A Bases,6657847
POSITIONAL BASE CONTENT,Read2,ReadPos 23 A Bases,6712797
POSITIONAL BASE CONTENT,Read2,ReadPos 24 A Bases,6708408
POSITIONAL BASE CONTENT,Read2,ReadPos 25 A Bases,6650510
POSITIONAL BASE CONTENT,Read2,ReadPos 26 A Bases,7087436
POSITIONAL BASE CONTENT,Read2,ReadPos 27 A Bases,10924205
POSITIONAL BASE CONTENT,Read2,ReadPos 1 C Bases,2503535
POSITIONAL BASE CONTENT,Read2,ReadPos 2 C Bases,5555136
POSITIONAL BASE CONTENT,Read2,ReadPos 3 C Bases,4176056
POSITIONAL BASE CONTENT,Read2,ReadPos 4 C Bases,3502602
POSITIONAL BASE CONTENT,Read2,ReadPos 5 C Bases,3926216
POSITIONAL BASE CONTENT,Read2,ReadPos 6 C Bases,12125277
POSITIONAL BASE CONTENT,Read2,ReadPos 7 C Bases,5047744
POSITIONAL BASE CONTENT,Read2,ReadPos 8 C Bases,13403846
POSITIONAL BASE CONTENT,Read2,ReadPos 9 C Bases,8569419
POSITIONAL BASE CONTENT,Read2,ReadPos 10 C Bases,9636785
POSITIONAL BASE CONTENT,Read2,ReadPos 11 C Bases,9210835
POSITIONAL BASE CONTENT,Read2,ReadPos 12 C Bases,5501609
POSITIONAL BASE CONTENT,Read2,ReadPos 13 C Bases,5142970
POSITIONAL BASE CONTENT,Read2,ReadPos 14 C Bases,5410107
POSITIONAL BASE CONTENT,Read2,ReadPos 15 C Bases,5612909
POSITIONAL BASE CONTENT,Read2,ReadPos 16 C Bases,5707082
POSITIONAL BASE CONTENT,Read2,ReadPos 17 C Bases,5731413
POSITIONAL BASE CONTENT,Read2,ReadPos 18 C Bases,5751359
POSITIONAL BASE CONTENT,Read2,ReadPos 19 C Bases,5789867
POSITIONAL BASE CONTENT,Read2,ReadPos 20 C Bases,5847625
POSITIONAL BASE CONTENT,Read2,ReadPos 21 C Bases,5872981
POSITIONAL BASE CONTENT,Read2,ReadPos 22 C Bases,5837320
POSITIONAL BASE CONTENT,Read2,ReadPos 23 C Bases,5819207
POSITIONAL BASE CONTENT,Read2,ReadPos 24 C Bases,5803366
POSITIONAL BASE CONTENT,Read2,ReadPos 25 C Bases,5832080
POSITIONAL BASE CONTENT,Read2,ReadPos 26 C Bases,5717432
POSITIONAL BASE CONTENT,Read2,ReadPos 27 C Bases,6347556
POSITIONAL BASE CONTENT,Read2,ReadPos 1 G Bases,6630351
POSITIONAL BASE CONTENT,Read2,ReadPos 2 G Bases,9153118
POSITIONAL BASE CONTENT,Read2,ReadPos 3 G Bases,3195789
POSITIONAL BASE CONTENT,Read2,ReadPos 4 G Bases,6379934
POSITIONAL BASE CONTENT,Read2,ReadPos 5 G Bases,4560070
POSITIONAL BASE CONTENT,Read2,ReadPos 6 G Bases,3727624
POSITIONAL BASE CONTENT,Read2,ReadPos 7 G Bases,11137828
POSITIONAL BASE CONTENT,Read2,ReadPos 8 G Bases,1310642
POSITIONAL BASE CONTENT,Read2,ReadPos 9 G Bases,6378557
POSITIONAL BASE CONTENT,Read2,ReadPos 10 G Bases,11548565
POSITIONAL BASE CONTENT,Read2,ReadPos 11 G Bases,4144052
POSITIONAL BASE CONTENT,Read2,ReadPos 12 G Bases,9160335
POSITIONAL BASE CONTENT,Read2,ReadPos 13 G Bases,6972730
POSITIONAL BASE CONTENT,Read2,ReadPos 14 G Bases,6781544
POSITIONAL BASE CONTENT,Read2,ReadPos 15 G Bases,6659660
POSITIONAL BASE CONTENT,Read2,ReadPos 16 G Bases,6532592
POSITIONAL BASE CONTENT,Read2,ReadPos 17 G Bases,6506066
POSITIONAL BASE CONTENT,Read2,ReadPos 18 G Bases,6488606
POSITIONAL BASE CONTENT,Read2,ReadPos 19 G Bases,6443539
POSITIONAL BASE CONTENT,Read2,ReadPos 20 G Bases,6457813
POSITIONAL BASE CONTENT,Read2,ReadPos 21 G Bases,6492772
POSITIONAL BASE CONTENT,Read2,ReadPos 22 G Bases,6559404
POSITIONAL BASE CONTENT,Read2,ReadPos 23 G Bases,6551100
POSITIONAL BASE CONTENT,Read2,ReadPos 24 G Bases,6526023
POSITIONAL BASE CONTENT,Read2,ReadPos 25 G Bases,6520621
POSITIONAL BASE CONTENT,Read2,ReadPos 26 G Bases,6401543
POSITIONAL BASE CONTENT,Read2,ReadPos 27 G Bases,1568007
POSITIONAL BASE CONTENT,Read2,ReadPos 1 T Bases,10910563
POSITIONAL BASE CONTENT,Read2,ReadPos 2 T Bases,2372664
POSITIONAL BASE CONTENT,Read2,ReadPos 3 T Bases,10253946
POSITIONAL BASE CONTENT,Read2,ReadPos 4 T Bases,9139515
POSITIONAL BASE CONTENT,Read2,ReadPos 5 T Bases,16434821
POSITIONAL BASE CONTENT,Read2,ReadPos 6 T Bases,3098438
POSITIONAL BASE CONTENT,Read2,ReadPos 7 T Bases,7319817
POSITIONAL BASE CONTENT,Read2,ReadPos 8 T Bases,1134593
POSITIONAL BASE CONTENT,Read2,ReadPos 9 T Bases,1963625
POSITIONAL BASE CONTENT,Read2,ReadPos 10 T Bases,2994191
POSITIONAL BASE CONTENT,Read2,ReadPos 11 T Bases,5378974
POSITIONAL BASE CONTENT,Read2,ReadPos 12 T Bases,6299133
POSITIONAL BASE CONTENT,Read2,ReadPos 13 T Bases,6917773
POSITIONAL BASE CONTENT,Read2,ReadPos 14 T Bases,6835127
POSITIONAL BASE CONTENT,Read2,ReadPos 15 T Bases,6752628
POSITIONAL BASE CONTENT,Read2,ReadPos 16 T Bases,6746931
POSITIONAL BASE CONTENT,Read2,ReadPos 17 T Bases,6721749
POSITIONAL BASE CONTENT,Read2,ReadPos 18 T Bases,6761690
POSITIONAL BASE CONTENT,Read2,ReadPos 19 T Bases,6790076
POSITIONAL BASE CONTENT,Read2,ReadPos 20 T Bases,6778810
POSITIONAL BASE CONTENT,Read2,ReadPos 21 T Bases,6723228
POSITIONAL BASE CONTENT,Read2,ReadPos 22 T Bases,6694483
POSITIONAL BASE CONTENT,Read2,ReadPos 23 T Bases,6665947
POSITIONAL BASE CONTENT,Read2,ReadPos 24 T Bases,6711247
POSITIONAL BASE CONTENT,Read2,ReadPos 25 T Bases,6745829
POSITIONAL BASE CONTENT,Read2,ReadPos 26 T Bases,6542624
POSITIONAL BASE CONTENT,Read2,ReadPos 27 T Bases,6909250
POSITIONAL BASE CONTENT,Read2,ReadPos 1 N Bases,8317
POSITIONAL BASE CONTENT,Read2,ReadPos 2 N Bases,0
POSITIONAL BASE CONTENT,Read2,ReadPos 3 N Bases,19
POSITIONAL BASE CONTENT,Read2,ReadPos 4 N Bases,0
POSITIONAL BASE CONTENT,Read2,ReadPos 5 N Bases,0
POSITIONAL BASE CONTENT,Read2,ReadPos 6 N Bases,0
POSITIONAL BASE CONTENT,Read2,ReadPos 7 N Bases,0
POSITIONAL BASE CONTENT,Read2,ReadPos 8 N Bases,0
POSITIONAL BASE CONTENT,Read2,ReadPos 9 N Bases,0
POSITIONAL BASE CONTENT,Read2,ReadPos 10 N Bases,0
POSITIONAL BASE CONTENT,Read2,ReadPos 11 N Bases,0
POSITIONAL BASE CONTENT,Read2,ReadPos 12 N Bases,0
POSITIONAL BASE CONTENT,Read2,ReadPos 13 N Bases,0
POSITIONAL BASE CONTENT,Read2,ReadPos 14 N Bases,0
POSITIONAL BASE CONTENT,Read2,ReadPos 15 N Bases,0
POSITIONAL BASE CONTENT,Read2,ReadPos 16 N Bases,0
POSITIONAL BASE CONTENT,Read2,ReadPos 17 N Bases,0
POSITIONAL BASE CONTENT,Read2,ReadPos 18 N Bases,0
POSITIONAL BASE CONTENT,Read2,ReadPos 19 N Bases,0
POSITIONAL BASE CONTENT,Read2,ReadPos 20 N Bases,1
POSITIONAL BASE CONTENT,Read2,ReadPos 21 N Bases,0
POSITIONAL BASE CONTENT,Read2,ReadPos 22 N Bases,0
POSITIONAL BASE CONTENT,Read2,ReadPos 23 N Bases,3
POSITIONAL BASE CONTENT,Read2,ReadPos 24 N Bases,10
POSITIONAL BASE CONTENT,Read2,ReadPos 25 N Bases,14
POSITIONAL BASE CONTENT,Read2,ReadPos 26 N Bases,19
POSITIONAL BASE CONTENT,Read2,ReadPos 27 N Bases,36
READ LENGTHS,Read2,27bp Length Reads,25749054
READ GC CONTENT,Read2,0% GC Reads,477738
READ GC CONTENT,Read2,1% GC Reads,477738
READ GC CONTENT,Read2,2% GC Reads,1176651
READ GC CONTENT,Read2,3% GC Reads,1875564
READ GC CONTENT,Read2,4% GC Reads,1875564
READ GC CONTENT,Read2,5% GC Reads,1875564
READ GC CONTENT,Read2,6% GC Reads,4025385
READ GC CONTENT,Read2,7% GC Reads,6175206
READ GC CONTENT,Read2,8% GC Reads,6175206
READ GC CONTENT,Read2,9% GC Reads,10731411
READ GC CONTENT,Read2,10% GC Reads,15287616
READ GC CONTENT,Read2,11% GC Reads,15287616
READ GC CONTENT,Read2,12% GC Reads,15287616
READ GC CONTENT,Read2,13% GC Reads,28229796
READ GC CONTENT,Read2,14% GC Reads,41171976
READ GC CONTENT,Read2,15% GC Reads,41171976
READ GC CONTENT,Read2,16% GC Reads,41171976
READ GC CONTENT,Read2,17% GC Reads,111869007
READ GC CONTENT,Read2,18% GC Reads,182566038
READ GC CONTENT,Read2,19% GC Reads,182566038
READ GC CONTENT,Read2,20% GC Reads,554060415
READ GC CONTENT,Read2,21% GC Reads,925614432
READ GC CONTENT,Read2,22% GC Reads,925674072
READ GC CONTENT,Read2,23% GC Reads,925674072
READ GC CONTENT,Read2,24% GC Reads,2272983702
READ GC CONTENT,Read2,25% GC Reads,3620727852
READ GC CONTENT,Read2,26% GC Reads,3621162372
READ GC CONTENT,Read2,27% GC Reads,3621162372
READ GC CONTENT,Read2,28% GC Reads,6961630326
READ GC CONTENT,Read2,29% GC Reads,10302848040
READ GC CONTENT,Read2,30% GC Reads,10303597800
READ GC CONTENT,Read2,31% GC Reads,16060676886
READ GC CONTENT,Read2,32% GC Reads,21817755972
READ GC CONTENT,Read2,33% GC Reads,21819221412
READ GC CONTENT,Read2,34% GC Reads,21820686852
READ GC CONTENT,Read2,35% GC Reads,28906806513
READ GC CONTENT,Read2,36% GC Reads,35992926174
READ GC CONTENT,Read2,37% GC Reads,35995516254
READ GC CONTENT,Read2,38% GC Reads,35998106334
READ GC CONTENT,Read2,39% GC Reads,42659738088
READ GC CONTENT,Read2,40% GC Reads,49323440202
READ GC CONTENT,Read2,41% GC Reads,49325510562
READ GC CONTENT,Read2,42% GC Reads,49325518754
READ GC CONTENT,Read2,43% GC Reads,54232356250
READ GC CONTENT,Read2,44% GC Reads,59141298514
READ GC CONTENT,Read2,45% GC Reads,59143411474
READ GC CONTENT,Read2,46% GC Reads,61544762186
READ GC CONTENT,Read2,47% GC Reads,63946112898
READ GC CONTENT,Read2,48% GC Reads,63946964898
READ GC CONTENT,Read2,49% GC Reads,63947816898
READ GC CONTENT,Read2,50% GC Reads,63610064979
READ GC CONTENT,Read2,51% GC Reads,63272313060
READ GC CONTENT,Read2,52% GC Reads,63271178589
READ GC CONTENT,Read2,53% GC Reads,63270044118
READ GC CONTENT,Read2,54% GC Reads,59608624698
READ GC CONTENT,Read2,55% GC Reads,55947205278
READ GC CONTENT,Read2,56% GC Reads,55945501278
READ GC CONTENT,Read2,57% GC Reads,49200146625
READ GC CONTENT,Read2,58% GC Reads,42456495972
READ GC CONTENT,Read2,59% GC Reads,42456495972
READ GC CONTENT,Read2,60% GC Reads,42454953852
READ GC CONTENT,Read2,61% GC Reads,34684020567
READ GC CONTENT,Read2,62% GC Reads,26914645786
READ GC CONTENT,Read2,63% GC Reads,26912941130
READ GC CONTENT,Read2,64% GC Reads,26911220090
READ GC CONTENT,Read2,65% GC Reads,20321956796
READ GC CONTENT,Read2,66% GC Reads,13732684327
READ GC CONTENT,Read2,67% GC Reads,13731073392
READ GC CONTENT,Read2,68% GC Reads,13729471632
READ GC CONTENT,Read2,69% GC Reads,9627878574
READ GC CONTENT,Read2,70% GC Reads,5526302883
READ GC CONTENT,Read2,71% GC Reads,5525246730
READ GC CONTENT,Read2,72% GC Reads,3618237459
READ GC CONTENT,Read2,73% GC Reads,1712301708
READ GC CONTENT,Read2,74% GC Reads,1712277132
READ GC CONTENT,Read2,75% GC Reads,1711639116
READ GC CONTENT,Read2,76% GC Reads,1059948405
READ GC CONTENT,Read2,77% GC Reads,408894726
READ GC CONTENT,Read2,78% GC Reads,408926510
READ GC CONTENT,Read2,79% GC Reads,408607664
READ GC CONTENT,Read2,80% GC Reads,243592083
READ GC CONTENT,Read2,81% GC Reads,78903540
READ GC CONTENT,Read2,82% GC Reads,78944500
READ GC CONTENT,Read2,83% GC Reads,49630123
READ GC CONTENT,Read2,84% GC Reads,20303622
READ GC CONTENT,Read2,85% GC Reads,20332458
READ GC CONTENT,Read2,86% GC Reads,20316074
READ GC CONTENT,Read2,87% GC Reads,17089210
READ GC CONTENT,Read2,88% GC Reads,13878730
READ GC CONTENT,Read2,89% GC Reads,13842685
READ GC CONTENT,Read2,90% GC Reads,13307240
READ GC CONTENT,Read2,91% GC Reads,14117196
READ GC CONTENT,Read2,92% GC Reads,15426552
READ GC CONTENT,Read2,93% GC Reads,15426552
READ GC CONTENT,Read2,94% GC Reads,20841570
READ GC CONTENT,Read2,95% GC Reads,26256588
READ GC CONTENT,Read2,96% GC Reads,26256588
READ GC CONTENT,Read2,97% GC Reads,26256588
READ GC CONTENT,Read2,98% GC Reads,93078306
READ GC CONTENT,Read2,99% GC Reads,159900024
READ GC CONTENT,Read2,100% GC Reads,159900024
READ GC CONTENT QUALITY,Read2,0% GC Reads Average Quality,27.22
READ GC CONTENT QUALITY,Read2,1% GC Reads Average Quality,27.22
READ GC CONTENT QUALITY,Read2,2% GC Reads Average Quality,24.55
READ GC CONTENT QUALITY,Read2,3% GC Reads Average Quality,23.87
READ GC CONTENT QUALITY,Read2,4% GC Reads Average Quality,23.87
READ GC CONTENT QUALITY,Read2,5% GC Reads Average Quality,23.87
READ GC CONTENT QUALITY,Read2,6% GC Reads Average Quality,23.03
READ GC CONTENT QUALITY,Read2,7% GC Reads Average Quality,22.78
READ GC CONTENT QUALITY,Read2,8% GC Reads Average Quality,22.78
READ GC CONTENT QUALITY,Read2,9% GC Reads Average Quality,22.69
READ GC CONTENT QUALITY,Read2,10% GC Reads Average Quality,22.65
READ GC CONTENT QUALITY,Read2,11% GC Reads Average Quality,22.65
READ GC CONTENT QUALITY,Read2,12% GC Reads Average Quality,22.65
READ GC CONTENT QUALITY,Read2,13% GC Reads Average Quality,24.20
READ GC CONTENT QUALITY,Read2,14% GC Reads Average Quality,24.77
READ GC CONTENT QUALITY,Read2,15% GC Reads Average Quality,24.77
READ GC CONTENT QUALITY,Read2,16% GC Reads Average Quality,24.77
READ GC CONTENT QUALITY,Read2,17% GC Reads Average Quality,28.90
READ GC CONTENT QUALITY,Read2,18% GC Reads Average Quality,29.83
READ GC CONTENT QUALITY,Read2,19% GC Reads Average Quality,29.83
READ GC CONTENT QUALITY,Read2,20% GC Reads Average Quality,31.67
READ GC CONTENT QUALITY,Read2,21% GC Reads Average Quality,32.03
READ GC CONTENT QUALITY,Read2,22% GC Reads Average Quality,32.03
READ GC CONTENT QUALITY,Read2,23% GC Reads Average Quality,32.03
READ GC CONTENT QUALITY,Read2,24% GC Reads Average Quality,32.50
READ GC CONTENT QUALITY,Read2,25% GC Reads Average Quality,32.62
READ GC CONTENT QUALITY,Read2,26% GC Reads Average Quality,32.62
READ GC CONTENT QUALITY,Read2,27% GC Reads Average Quality,32.62
READ GC CONTENT QUALITY,Read2,28% GC Reads Average Quality,32.76
READ GC CONTENT QUALITY,Read2,29% GC Reads Average Quality,32.81
READ GC CONTENT QUALITY,Read2,30% GC Reads Average Quality,32.81
READ GC CONTENT QUALITY,Read2,31% GC Reads Average Quality,32.86
READ GC CONTENT QUALITY,Read2,32% GC Reads Average Quality,32.89
READ GC CONTENT QUALITY,Read2,33% GC Reads Average Quality,32.89
READ GC CONTENT QUALITY,Read2,34% GC Reads Average Quality,32.89
READ GC CONTENT QUALITY,Read2,35% GC Reads Average Quality,32.91
READ GC CONTENT QUALITY,Read2,36% GC Reads Average Quality,32.92
READ GC CONTENT QUALITY,Read2,37% GC Reads Average Quality,32.92
READ GC CONTENT QUALITY,Read2,38% GC Reads Average Quality,32.92
READ GC CONTENT QUALITY,Read2,39% GC Reads Average Quality,32.93
READ GC CONTENT QUALITY,Read2,40% GC Reads Average Quality,32.93
READ GC CONTENT QUALITY,Read2,41% GC Reads Average Quality,32.93
READ GC CONTENT QUALITY,Read2,42% GC Reads Average Quality,32.93
READ GC CONTENT QUALITY,Read2,43% GC Reads Average Quality,32.93
READ GC CONTENT QUALITY,Read2,44% GC Reads Average Quality,32.93
READ GC CONTENT QUALITY,Read2,45% GC Reads Average Quality,32.93
READ GC CONTENT QUALITY,Read2,46% GC Reads Average Quality,32.93
READ GC CONTENT QUALITY,Read2,47% GC Reads Average Quality,32.93
READ GC CONTENT QUALITY,Read2,48% GC Reads Average Quality,32.93
READ GC CONTENT QUALITY,Read2,49% GC Reads Average Quality,32.93
READ GC CONTENT QUALITY,Read2,50% GC Reads Average Quality,32.93
READ GC CONTENT QUALITY,Read2,51% GC Reads Average Quality,32.93
READ GC CONTENT QUALITY,Read2,52% GC Reads Average Quality,32.93
READ GC CONTENT QUALITY,Read2,53% GC Reads Average Quality,32.93
READ GC CONTENT QUALITY,Read2,54% GC Reads Average Quality,32.93
READ GC CONTENT QUALITY,Read2,55% GC Reads Average Quality,32.93
READ GC CONTENT QUALITY,Read2,56% GC Reads Average Quality,32.93
READ GC CONTENT QUALITY,Read2,57% GC Reads Average Quality,32.93
READ GC CONTENT QUALITY,Read2,58% GC Reads Average Quality,32.93
READ GC CONTENT QUALITY,Read2,59% GC Reads Average Quality,32.93
READ GC CONTENT QUALITY,Read2,60% GC Reads Average Quality,32.93
READ GC CONTENT QUALITY,Read2,61% GC Reads Average Quality,32.93
READ GC CONTENT QUALITY,Read2,62% GC Reads Average Quality,32.93
READ GC CONTENT QUALITY,Read2,63% GC Reads Average Quality,32.93
READ GC CONTENT QUALITY,Read2,64% GC Reads Average Quality,32.93
READ GC CONTENT QUALITY,Read2,65% GC Reads Average Quality,32.92
READ GC CONTENT QUALITY,Read2,66% GC Reads Average Quality,32.91
READ GC CONTENT QUALITY,Read2,67% GC Reads Average Quality,32.91
READ GC CONTENT QUALITY,Read2,68% GC Reads Average Quality,32.91
READ GC CONTENT QUALITY,Read2,69% GC Reads Average Quality,32.90
READ GC CONTENT QUALITY,Read2,70% GC Reads Average Quality,32.87
READ GC CONTENT QUALITY,Read2,71% GC Reads Average Quality,32.87
READ GC CONTENT QUALITY,Read2,72% GC Reads Average Quality,32.84
READ GC CONTENT QUALITY,Read2,73% GC Reads Average Quality,32.76
READ GC CONTENT QUALITY,Read2,74% GC Reads Average Quality,32.76
READ GC CONTENT QUALITY,Read2,75% GC Reads Average Quality,32.76
READ GC CONTENT QUALITY,Read2,76% GC Reads Average Quality,32.68
READ GC CONTENT QUALITY,Read2,77% GC Reads Average Quality,32.35
READ GC CONTENT QUALITY,Read2,78% GC Reads Average Quality,32.35
READ GC CONTENT QUALITY,Read2,79% GC Reads Average Quality,32.35
READ GC CONTENT QUALITY,Read2,80% GC Reads Average Quality,32.01
READ GC CONTENT QUALITY,Read2,81% GC Reads Average Quality,30.25
READ GC CONTENT QUALITY,Read2,82% GC Reads Average Quality,30.25
READ GC CONTENT QUALITY,Read2,83% GC Reads Average Quality,28.79
READ GC CONTENT QUALITY,Read2,84% GC Reads Average Quality,23.11
READ GC CONTENT QUALITY,Read2,85% GC Reads Average Quality,23.11
READ GC CONTENT QUALITY,Read2,86% GC Reads Average Quality,23.11
READ GC CONTENT QUALITY,Read2,87% GC Reads Average Quality,21.44
READ GC CONTENT QUALITY,Read2,88% GC Reads Average Quality,18.99
READ GC CONTENT QUALITY,Read2,89% GC Reads Average Quality,18.97
READ GC CONTENT QUALITY,Read2,90% GC Reads Average Quality,18.62
READ GC CONTENT QUALITY,Read2,91% GC Reads Average Quality,18.32
READ GC CONTENT QUALITY,Read2,92% GC Reads Average Quality,18.37
READ GC CONTENT QUALITY,Read2,93% GC Reads Average Quality,18.37
READ GC CONTENT QUALITY,Read2,94% GC Reads Average Quality,19.84
READ GC CONTENT QUALITY,Read2,95% GC Reads Average Quality,20.70
READ GC CONTENT QUALITY,Read2,96% GC Reads Average Quality,20.70
READ GC CONTENT QUALITY,Read2,97% GC Reads Average Quality,20.70
READ GC CONTENT QUALITY,Read2,98% GC Reads Average Quality,25.39
READ GC CONTENT QUALITY,Read2,99% GC Reads Average Quality,26.15
READ GC CONTENT QUALITY,Read2,100% GC Reads Average Quality,26.15
SEQUENCE POSITIONS,Read2,'AGATCGGAAGAG' 1bp Starts,196
SEQUENCE POSITIONS,Read2,'AGATCGGAAGAG' 2bp Starts,140
SEQUENCE POSITIONS,Read2,'AGATCGGAAGAG' 3bp Starts,169
SEQUENCE POSITIONS,Read2,'AGATCGGAAGAG' 4bp Starts,223
SEQUENCE POSITIONS,Read2,'AGATCGGAAGAG' 5bp Starts,273
SEQUENCE POSITIONS,Read2,'AGATCGGAAGAG' 6bp Starts,312
SEQUENCE POSITIONS,Read2,'AGATCGGAAGAG' 7bp Starts,485
SEQUENCE POSITIONS,Read2,'AGATCGGAAGAG' 8bp Starts,601
SEQUENCE POSITIONS,Read2,'AGATCGGAAGAG' 9bp Starts,753
SEQUENCE POSITIONS,Read2,'AGATCGGAAGAG' 10bp Starts,623
SEQUENCE POSITIONS,Read2,'AGATCGGAAGAG' 11bp Starts,844
SEQUENCE POSITIONS,Read2,'AGATCGGAAGAG' 12bp Starts,950
SEQUENCE POSITIONS,Read2,'AGATCGGAAGAG' 13bp Starts,1284
SEQUENCE POSITIONS,Read2,'AGATCGGAAGAG' 14bp Starts,1560
SEQUENCE POSITIONS,Read2,'AGATCGGAAGAG' 15bp Starts,1830
SEQUENCE POSITIONS,Read2,'AGATCGGAAGAG' 16bp Starts,2013
SEQUENCE POSITIONS,Read2,'AGATCGGAAGAG' Total Sequence Starts,12256
SEQUENCE POSITIONS,Read2,'TGGAATTCTCGG' 11bp Starts,2
SEQUENCE POSITIONS,Read2,'TGGAATTCTCGG' 14bp Starts,8
SEQUENCE POSITIONS,Read2,'TGGAATTCTCGG' Total Sequence Starts,10
SEQUENCE POSITIONS,Read2,'GATCGTCGGACT' 13bp Starts,7
SEQUENCE POSITIONS,Read2,'GATCGTCGGACT' Total Sequence Starts,7
SEQUENCE POSITIONS,Read2,'CTGTCTCTTATA' 14bp Starts,26
SEQUENCE POSITIONS,Read2,'CTGTCTCTTATA' 16bp Starts,2
SEQUENCE POSITIONS,Read2,'CTGTCTCTTATA' Total Sequence Starts,28
POSITIONAL QUALITY,Read2,ReadPos 1 1% Quantile QV,12
POSITIONAL QUALITY,Read2,ReadPos 1 2% Quantile QV,26
POSITIONAL QUALITY,Read2,ReadPos 1 5% Quantile QV,34
POSITIONAL QUALITY,Read2,ReadPos 1 10% Quantile QV,34
POSITIONAL QUALITY,Read2,ReadPos 1 25% Quantile QV,34
POSITIONAL QUALITY,Read2,ReadPos 1 50% Quantile QV,34
POSITIONAL QUALITY,Read2,ReadPos 1 75% Quantile QV,34
POSITIONAL QUALITY,Read2,ReadPos 1 90% Quantile QV,34
POSITIONAL QUALITY,Read2,ReadPos 1 95% Quantile QV,34
POSITIONAL QUALITY,Read2,ReadPos 1 98% Quantile QV,34
POSITIONAL QUALITY,Read2,ReadPos 1 99% Quantile QV,34
POSITIONAL QUALITY,Read2,ReadPos 2 1% Quantile QV,26
POSITIONAL QUALITY,Read2,ReadPos 2 2% Quantile QV,26
POSITIONAL QUALITY,Read2,ReadPos 2 5% Quantile QV,34
POSITIONAL QUALITY,Read2,ReadPos 2 10% Quantile QV,34
POSITIONAL QUALITY,Read2,ReadPos 2 25% Quantile QV,34
POSITIONAL QUALITY,Read2,ReadPos 2 50% Quantile QV,34
POSITIONAL QUALITY,Read2,ReadPos 2 75% Quantile QV,34
POSITIONAL QUALITY,Read2,ReadPos 2 90% Quantile QV,34
POSITIONAL QUALITY,Read2,ReadPos 2 95% Quantile QV,34
POSITIONAL QUALITY,Read2,ReadPos 2 98% Quantile QV,34
POSITIONAL QUALITY,Read2,ReadPos 2 99% Quantile QV,34
POSITIONAL QUALITY,Read2,ReadPos 3 1% Quantile QV,12
POSITIONAL QUALITY,Read2,ReadPos 3 2% Quantile QV,26
POSITIONAL QUALITY,Read2,ReadPos 3 5% Quantile QV,34
POSITIONAL QUALITY,Read2,ReadPos 3 10% Quantile QV,34
POSITIONAL QUALITY,Read2,ReadPos 3 25% Quantile QV,34
POSITIONAL QUALITY,Read2,ReadPos 3 50% Quantile QV,34
POSITIONAL QUALITY,Read2,ReadPos 3 75% Quantile QV,34
POSITIONAL QUALITY,Read2,ReadPos 3 90% Quantile QV,34
POSITIONAL QUALITY,Read2,ReadPos 3 95% Quantile QV,34
POSITIONAL QUALITY,Read2,ReadPos 3 98% Quantile QV,34
POSITIONAL QUALITY,Read2,ReadPos 3 99% Quantile QV,34
POSITIONAL QUALITY,Read2,ReadPos 4 1% Quantile QV,12
POSITIONAL QUALITY,Read2,ReadPos 4 2% Quantile QV,26
POSITIONAL QUALITY,Read2,ReadPos 4 5% Quantile QV,34
POSITIONAL QUALITY,Read2,ReadPos 4 10% Quantile QV,34
POSITIONAL QUALITY,Read2,ReadPos 4 25% Quantile QV,34
POSITIONAL QUALITY,Read2,ReadPos 4 50% Quantile QV,34
POSITIONAL QUALITY,Read2,ReadPos 4 75% Quantile QV,34
POSITIONAL QUALITY,Read2,ReadPos 4 90% Quantile QV,34
POSITIONAL QUALITY,Read2,ReadPos 4 95% Quantile QV,34
POSITIONAL QUALITY,Read2,ReadPos 4 98% Quantile QV,34
POSITIONAL QUALITY,Read2,ReadPos 4 99% Quantile QV,34
POSITIONAL QUALITY,Read2,ReadPos 5 1% Quantile QV,12
POSITIONAL QUALITY,Read2,ReadPos 5 2% Quantile QV,26
POSITIONAL QUALITY,Read2,ReadPos 5 5% Quantile QV,34
POSITIONAL QUALITY,Read2,ReadPos 5 10% Quantile QV,34
POSITIONAL QUALITY,Read2,ReadPos 5 25% Quantile QV,34
POSITIONAL QUALITY,Read2,ReadPos 5 50% Quantile QV,34
POSITIONAL QUALITY,Read2,ReadPos 5 75% Quantile QV,34
POSITIONAL QUALITY,Read2,ReadPos 5 90% Quantile QV,34
POSITIONAL QUALITY,Read2,ReadPos 5 95% Quantile QV,34
POSITIONAL QUALITY,Read2,ReadPos 5 98% Quantile QV,34
POSITIONAL QUALITY,Read2,ReadPos 5 99% Quantile QV,34
POSITIONAL QUALITY,Read2,ReadPos 6 1% Quantile QV,12
POSITIONAL QUALITY,Read2,ReadPos 6 2% Quantile QV,26
POSITIONAL QUALITY,Read2,ReadPos 6 5% Quantile QV,34
POSITIONAL QUALITY,Read2,ReadPos 6 10% Quantile QV,34
POSITIONAL QUALITY,Read2,ReadPos 6 25% Quantile QV,34
POSITIONAL QUALITY,Read2,ReadPos 6 50% Quantile QV,34
POSITIONAL QUALITY,Read2,ReadPos 6 75% Quantile QV,34
POSITIONAL QUALITY,Read2,ReadPos 6 90% Quantile QV,34
POSITIONAL QUALITY,Read2,ReadPos 6 95% Quantile QV,34
POSITIONAL QUALITY,Read2,ReadPos 6 98% Quantile QV,34
POSITIONAL QUALITY,Read2,ReadPos 6 99% Quantile QV,34
POSITIONAL QUALITY,Read2,ReadPos 7 1% Quantile QV,12
POSITIONAL QUALITY,Read2,ReadPos 7 2% Quantile QV,26
POSITIONAL QUALITY,Read2,ReadPos 7 5% Quantile QV,34
POSITIONAL QUALITY,Read2,ReadPos 7 10% Quantile QV,34
POSITIONAL QUALITY,Read2,ReadPos 7 25% Quantile QV,34
POSITIONAL QUALITY,Read2,ReadPos 7 50% Quantile QV,34
POSITIONAL QUALITY,Read2,ReadPos 7 75% Quantile QV,34
POSITIONAL QUALITY,Read2,ReadPos 7 90% Quantile QV,34
POSITIONAL QUALITY,Read2,ReadPos 7 95% Quantile QV,34
POSITIONAL QUALITY,Read2,ReadPos 7 98% Quantile QV,34
POSITIONAL QUALITY,Read2,ReadPos 7 99% Quantile QV,34
POSITIONAL QUALITY,Read2,ReadPos 8 1% Quantile QV,12
POSITIONAL QUALITY,Read2,ReadPos 8 2% Quantile QV,26
POSITIONAL QUALITY,Read2,ReadPos 8 5% Quantile QV,34
POSITIONAL QUALITY,Read2,ReadPos 8 10% Quantile QV,34
POSITIONAL QUALITY,Read2,ReadPos 8 25% Quantile QV,34
POSITIONAL QUALITY,Read2,ReadPos 8 50% Quantile QV,34
POSITIONAL QUALITY,Read2,ReadPos 8 75% Quantile QV,34
POSITIONAL QUALITY,Read2,ReadPos 8 90% Quantile QV,34
POSITIONAL QUALITY,Read2,ReadPos 8 95% Quantile QV,34
POSITIONAL QUALITY,Read2,ReadPos 8 98% Quantile QV,34
POSITIONAL QUALITY,Read2,ReadPos 8 99% Quantile QV,34
POSITIONAL QUALITY,Read2,ReadPos 9 1% Quantile QV,12
POSITIONAL QUALITY,Read2,ReadPos 9 2% Quantile QV,26
POSITIONAL QUALITY,Read2,ReadPos 9 5% Quantile QV,34
POSITIONAL QUALITY,Read2,ReadPos 9 10% Quantile QV,34
POSITIONAL QUALITY,Read2,ReadPos 9 25% Quantile QV,34
POSITIONAL QUALITY,Read2,ReadPos 9 50% Quantile QV,34
POSITIONAL QUALITY,Read2,ReadPos 9 75% Quantile QV,34
POSITIONAL QUALITY,Read2,ReadPos 9 90% Quantile QV,34
POSITIONAL QUALITY,Read2,ReadPos 9 95% Quantile QV,34
POSITIONAL QUALITY,Read2,ReadPos 9 98% Quantile QV,34
POSITIONAL QUALITY,Read2,ReadPos 9 99% Quantile QV,34
POSITIONAL QUALITY,Read2,ReadPos 10 1% Quantile QV,12
POSITIONAL QUALITY,Read2,ReadPos 10 2% Quantile QV,26
POSITIONAL QUALITY,Read2,ReadPos 10 5% Quantile QV,34
POSITIONAL QUALITY,Read2,ReadPos 10 10% Quantile QV,34
POSITIONAL QUALITY,Read2,ReadPos 10 25% Quantile QV,34
POSITIONAL QUALITY,Read2,ReadPos 10 50% Quantile QV,34
POSITIONAL QUALITY,Read2,ReadPos 10 75% Quantile QV,34
POSITIONAL QUALITY,Read2,ReadPos 10 90% Quantile QV,34
POSITIONAL QUALITY,Read2,ReadPos 10 95% Quantile QV,34
POSITIONAL QUALITY,Read2,ReadPos 10 98% Quantile QV,34
POSITIONAL QUALITY,Read2,ReadPos 10 99% Quantile QV,34
POSITIONAL QUALITY,Read2,ReadPos 11 1% Quantile QV,12
POSITIONAL QUALITY,Read2,ReadPos 11 2% Quantile QV,26
POSITIONAL QUALITY,Read2,ReadPos 11 5% Quantile QV,34
POSITIONAL QUALITY,Read2,ReadPos 11 10% Quantile QV,34
POSITIONAL QUALITY,Read2,ReadPos 11 25% Quantile QV,34
POSITIONAL QUALITY,Read2,ReadPos 11 50% Quantile QV,34
POSITIONAL QUALITY,Read2,ReadPos 11 75% Quantile QV,34
POSITIONAL QUALITY,Read2,ReadPos 11 90% Quantile QV,34
POSITIONAL QUALITY,Read2,ReadPos 11 95% Quantile QV,34
POSITIONAL QUALITY,Read2,ReadPos 11 98% Quantile QV,34
POSITIONAL QUALITY,Read2,ReadPos 11 99% Quantile QV,34
POSITIONAL QUALITY,Read2,ReadPos 12 1% Quantile QV,12
POSITIONAL QUALITY,Read2,ReadPos 12 2% Quantile QV,26
POSITIONAL QUALITY,Read2,ReadPos 12 5% Quantile QV,34
POSITIONAL QUALITY,Read2,ReadPos 12 10% Quantile QV,34
POSITIONAL QUALITY,Read2,ReadPos 12 25% Quantile QV,34
POSITIONAL QUALITY,Read2,ReadPos 12 50% Quantile QV,34
POSITIONAL QUALITY,Read2,ReadPos 12 75% Quantile QV,34
POSITIONAL QUALITY,Read2,ReadPos 12 90% Quantile QV,34
POSITIONAL QUALITY,Read2,ReadPos 12 95% Quantile QV,34
POSITIONAL QUALITY,Read2,ReadPos 12 98% Quantile QV,34
POSITIONAL QUALITY,Read2,ReadPos 12 99% Quantile QV,34
POSITIONAL QUALITY,Read2,ReadPos 13 1% Quantile QV,12
POSITIONAL QUALITY,Read2,ReadPos 13 2% Quantile QV,26
POSITIONAL QUALITY,Read2,ReadPos 13 5% Quantile QV,34
POSITIONAL QUALITY,Read2,ReadPos 13 10% Quantile QV,34
POSITIONAL QUALITY,Read2,ReadPos 13 25% Quantile QV,34
POSITIONAL QUALITY,Read2,ReadPos 13 50% Quantile QV,34
POSITIONAL QUALITY,Read2,ReadPos 13 75% Quantile QV,34
POSITIONAL QUALITY,Read2,ReadPos 13 90% Quantile QV,34
POSITIONAL QUALITY,Read2,ReadPos 13 95% Quantile QV,34
POSITIONAL QUALITY,Read2,ReadPos 13 98% Quantile QV,34
POSITIONAL QUALITY,Read2,ReadPos 13 99% Quantile QV,34
POSITIONAL QUALITY,Read2,ReadPos 14 1% Quantile QV,12
POSITIONAL QUALITY,Read2,ReadPos 14 2% Quantile QV,26
POSITIONAL QUALITY,Read2,ReadPos 14 5% Quantile QV,34
POSITIONAL QUALITY,Read2,ReadPos 14 10% Quantile QV,34
POSITIONAL QUALITY,Read2,ReadPos 14 25% Quantile QV,34
POSITIONAL QUALITY,Read2,ReadPos 14 50% Quantile QV,34
POSITIONAL QUALITY,Read2,ReadPos 14 75% Quantile QV,34
POSITIONAL QUALITY,Read2,ReadPos 14 90% Quantile QV,34
POSITIONAL QUALITY,Read2,ReadPos 14 95% Quantile QV,34
POSITIONAL QUALITY,Read2,ReadPos 14 98% Quantile QV,34
POSITIONAL QUALITY,Read2,ReadPos 14 99% Quantile QV,34
POSITIONAL QUALITY,Read2,ReadPos 15 1% Quantile QV,12
POSITIONAL QUALITY,Read2,ReadPos 15 2% Quantile QV,26
POSITIONAL QUALITY,Read2,ReadPos 15 5% Quantile QV,34
POSITIONAL QUALITY,Read2,ReadPos 15 10% Quantile QV,34
POSITIONAL QUALITY,Read2,ReadPos 15 25% Quantile QV,34
POSITIONAL QUALITY,Read2,ReadPos 15 50% Quantile QV,34
POSITIONAL QUALITY,Read2,ReadPos 15 75% Quantile QV,34
POSITIONAL QUALITY,Read2,ReadPos 15 90% Quantile QV,34
POSITIONAL QUALITY,Read2,ReadPos 15 95% Quantile QV,34
POSITIONAL QUALITY,Read2,ReadPos 15 98% Quantile QV,34
POSITIONAL QUALITY,Read2,ReadPos 15 99% Quantile QV,34
POSITIONAL QUALITY,Read2,ReadPos 16 1% Quantile QV,12
POSITIONAL QUALITY,Read2,ReadPos 16 2% Quantile QV,26
POSITIONAL QUALITY,Read2,ReadPos 16 5% Quantile QV,34
POSITIONAL QUALITY,Read2,ReadPos 16 10% Quantile QV,34
POSITIONAL QUALITY,Read2,ReadPos 16 25% Quantile QV,34
POSITIONAL QUALITY,Read2,ReadPos 16 50% Quantile QV,34
POSITIONAL QUALITY,Read2,ReadPos 16 75% Quantile QV,34
POSITIONAL QUALITY,Read2,ReadPos 16 90% Quantile QV,34
POSITIONAL QUALITY,Read2,ReadPos 16 95% Quantile QV,34
POSITIONAL QUALITY,Read2,ReadPos 16 98% Quantile QV,34
POSITIONAL QUALITY,Read2,ReadPos 16 99% Quantile QV,34
POSITIONAL QUALITY,Read2,ReadPos 17 1% Quantile QV,12
POSITIONAL QUALITY,Read2,ReadPos 17 2% Quantile QV,26
POSITIONAL QUALITY,Read2,ReadPos 17 5% Quantile QV,34
POSITIONAL QUALITY,Read2,ReadPos 17 10% Quantile QV,34
POSITIONAL QUALITY,Read2,ReadPos 17 25% Quantile QV,34
POSITIONAL QUALITY,Read2,ReadPos 17 50% Quantile QV,34
POSITIONAL QUALITY,Read2,ReadPos 17 75% Quantile QV,34
POSITIONAL QUALITY,Read2,ReadPos 17 90% Quantile QV,34
POSITIONAL QUALITY,Read2,ReadPos 17 95% Quantile QV,34
POSITIONAL QUALITY,Read2,ReadPos 17 98% Quantile QV,34
POSITIONAL QUALITY,Read2,ReadPos 17 99% Quantile QV,34
POSITIONAL QUALITY,Read2,ReadPos 18 1% Quantile QV,12
POSITIONAL QUALITY,Read2,ReadPos 18 2% Quantile QV,26
POSITIONAL QUALITY,Read2,ReadPos 18 5% Quantile QV,34
POSITIONAL QUALITY,Read2,ReadPos 18 10% Quantile QV,34
POSITIONAL QUALITY,Read2,ReadPos 18 25% Quantile QV,34
POSITIONAL QUALITY,Read2,ReadPos 18 50% Quantile QV,34
POSITIONAL QUALITY,Read2,ReadPos 18 75% Quantile QV,34
POSITIONAL QUALITY,Read2,ReadPos 18 90% Quantile QV,34
POSITIONAL QUALITY,Read2,ReadPos 18 95% Quantile QV,34
POSITIONAL QUALITY,Read2,ReadPos 18 98% Quantile QV,34
POSITIONAL QUALITY,Read2,ReadPos 18 99% Quantile QV,34
POSITIONAL QUALITY,Read2,ReadPos 19 1% Quantile QV,12
POSITIONAL QUALITY,Read2,ReadPos 19 2% Quantile QV,26
POSITIONAL QUALITY,Read2,ReadPos 19 5% Quantile QV,34
POSITIONAL QUALITY,Read2,ReadPos 19 10% Quantile QV,34
POSITIONAL QUALITY,Read2,ReadPos 19 25% Quantile QV,34
POSITIONAL QUALITY,Read2,ReadPos 19 50% Quantile QV,34
POSITIONAL QUALITY,Read2,ReadPos 19 75% Quantile QV,34
POSITIONAL QUALITY,Read2,ReadPos 19 90% Quantile QV,34
POSITIONAL QUALITY,Read2,ReadPos 19 95% Quantile QV,34
POSITIONAL QUALITY,Read2,ReadPos 19 98% Quantile QV,34
POSITIONAL QUALITY,Read2,ReadPos 19 99% Quantile QV,34
POSITIONAL QUALITY,Read2,ReadPos 20 1% Quantile QV,12
POSITIONAL QUALITY,Read2,ReadPos 20 2% Quantile QV,26
POSITIONAL QUALITY,Read2,ReadPos 20 5% Quantile QV,34
POSITIONAL QUALITY,Read2,ReadPos 20 10% Quantile QV,34
POSITIONAL QUALITY,Read2,ReadPos 20 25% Quantile QV,34
POSITIONAL QUALITY,Read2,ReadPos 20 50% Quantile QV,34
POSITIONAL QUALITY,Read2,ReadPos 20 75% Quantile QV,34
POSITIONAL QUALITY,Read2,ReadPos 20 90% Quantile QV,34
POSITIONAL QUALITY,Read2,ReadPos 20 95% Quantile QV,34
POSITIONAL QUALITY,Read2,ReadPos 20 98% Quantile QV,34
POSITIONAL QUALITY,Read2,ReadPos 20 99% Quantile QV,34
POSITIONAL QUALITY,Read2,ReadPos 21 1% Quantile QV,12
POSITIONAL QUALITY,Read2,ReadPos 21 2% Quantile QV,26
POSITIONAL QUALITY,Read2,ReadPos 21 5% Quantile QV,34
POSITIONAL QUALITY,Read2,ReadPos 21 10% Quantile QV,34
POSITIONAL QUALITY,Read2,ReadPos 21 25% Quantile QV,34
POSITIONAL QUALITY,Read2,ReadPos 21 50% Quantile QV,34
POSITIONAL QUALITY,Read2,ReadPos 21 75% Quantile QV,34
POSITIONAL QUALITY,Read2,ReadPos 21 90% Quantile QV,34
POSITIONAL QUALITY,Read2,ReadPos 21 95% Quantile QV,34
POSITIONAL QUALITY,Read2,ReadPos 21 98% Quantile QV,34
POSITIONAL QUALITY,Read2,ReadPos 21 99% Quantile QV,34
POSITIONAL QUALITY,Read2,ReadPos 22 1% Quantile QV,12
POSITIONAL QUALITY,Read2,ReadPos 22 2% Quantile QV,26
POSITIONAL QUALITY,Read2,ReadPos 22 5% Quantile QV,34
POSITIONAL QUALITY,Read2,ReadPos 22 10% Quantile QV,34
POSITIONAL QUALITY,Read2,ReadPos 22 25% Quantile QV,34
POSITIONAL QUALITY,Read2,ReadPos 22 50% Quantile QV,34
POSITIONAL QUALITY,Read2,ReadPos 22 75% Quantile QV,34
POSITIONAL QUALITY,Read2,ReadPos 22 90% Quantile QV,34
POSITIONAL QUALITY,Read2,ReadPos 22 95% Quantile QV,34
POSITIONAL QUALITY,Read2,ReadPos 22 98% Quantile QV,34
POSITIONAL QUALITY,Read2,ReadPos 22 99% Quantile QV,34
POSITIONAL QUALITY,Read2,ReadPos 23 1% Quantile QV,12
POSITIONAL QUALITY,Read2,ReadPos 23 2% Quantile QV,26
POSITIONAL QUALITY,Read2,ReadPos 23 5% Quantile QV,34
POSITIONAL QUALITY,Read2,ReadPos 23 10% Quantile QV,34
POSITIONAL QUALITY,Read2,ReadPos 23 25% Quantile QV,34
POSITIONAL QUALITY,Read2,ReadPos 23 50% Quantile QV,34
POSITIONAL QUALITY,Read2,ReadPos 23 75% Quantile QV,34
POSITIONAL QUALITY,Read2,ReadPos 23 90% Quantile QV,34
POSITIONAL QUALITY,Read2,ReadPos 23 95% Quantile QV,34
POSITIONAL QUALITY,Read2,ReadPos 23 98% Quantile QV,34
POSITIONAL QUALITY,Read2,ReadPos 23 99% Quantile QV,34
POSITIONAL QUALITY,Read2,ReadPos 24 1% Quantile QV,12
POSITIONAL QUALITY,Read2,ReadPos 24 2% Quantile QV,26
POSITIONAL QUALITY,Read2,ReadPos 24 5% Quantile QV,34
POSITIONAL QUALITY,Read2,ReadPos 24 10% Quantile QV,34
POSITIONAL QUALITY,Read2,ReadPos 24 25% Quantile QV,34
POSITIONAL QUALITY,Read2,ReadPos 24 50% Quantile QV,34
POSITIONAL QUALITY,Read2,ReadPos 24 75% Quantile QV,34
POSITIONAL QUALITY,Read2,ReadPos 24 90% Quantile QV,34
POSITIONAL QUALITY,Read2,ReadPos 24 95% Quantile QV,34
POSITIONAL QUALITY,Read2,ReadPos 24 98% Quantile QV,34
POSITIONAL QUALITY,Read2,ReadPos 24 99% Quantile QV,34
POSITIONAL QUALITY,Read2,ReadPos 25 1% Quantile QV,12
POSITIONAL QUALITY,Read2,ReadPos 25 2% Quantile QV,26
POSITIONAL QUALITY,Read2,ReadPos 25 5% Quantile QV,34
POSITIONAL QUALITY,Read2,ReadPos 25 10% Quantile QV,34
POSITIONAL QUALITY,Read2,ReadPos 25 25% Quantile QV,34
POSITIONAL QUALITY,Read2,ReadPos 25 50% Quantile QV,34
POSITIONAL QUALITY,Read2,ReadPos 25 75% Quantile QV,34
POSITIONAL QUALITY,Read2,ReadPos 25 90% Quantile QV,34
POSITIONAL QUALITY,Read2,ReadPos 25 95% Quantile QV,34
POSITIONAL QUALITY,Read2,ReadPos 25 98% Quantile QV,34
POSITIONAL QUALITY,Read2,ReadPos 25 99% Quantile QV,34
POSITIONAL QUALITY,Read2,ReadPos 26 1% Quantile QV,12
POSITIONAL QUALITY,Read2,ReadPos 26 2% Quantile QV,26
POSITIONAL QUALITY,Read2,ReadPos 26 5% Quantile QV,34
POSITIONAL QUALITY,Read2,ReadPos 26 10% Quantile QV,34
POSITIONAL QUALITY,Read2,ReadPos 26 25% Quantile QV,34
POSITIONAL QUALITY,Read2,ReadPos 26 50% Quantile QV,34
POSITIONAL QUALITY,Read2,ReadPos 26 75% Quantile QV,34
POSITIONAL QUALITY,Read2,ReadPos 26 90% Quantile QV,34
POSITIONAL QUALITY,Read2,ReadPos 26 95% Quantile QV,34
POSITIONAL QUALITY,Read2,ReadPos 26 98% Quantile QV,34
POSITIONAL QUALITY,Read2,ReadPos 26 99% Quantile QV,34
POSITIONAL QUALITY,Read2,ReadPos 27 1% Quantile QV,12
POSITIONAL QUALITY,Read2,ReadPos 27 2% Quantile QV,12
POSITIONAL QUALITY,Read2,ReadPos 27 5% Quantile QV,12
POSITIONAL QUALITY,Read2,ReadPos 27 10% Quantile QV,12
POSITIONAL QUALITY,Read2,ReadPos 27 25% Quantile QV,12
POSITIONAL QUALITY,Read2,ReadPos 27 50% Quantile QV,12
POSITIONAL QUALITY,Read2,ReadPos 27 75% Quantile QV,26
POSITIONAL QUALITY,Read2,ReadPos 27 90% Quantile QV,34
POSITIONAL QUALITY,Read2,ReadPos 27 95% Quantile QV,34
POSITIONAL QUALITY,Read2,ReadPos 27 98% Quantile QV,34
POSITIONAL QUALITY,Read2,ReadPos 27 99% Quantile QV,34
