sequence,count
CTTCCGCTCCAA,7520
GCGATACTGACA,5059
ATATTCAGGCCA,355738
TATTACTCACGA,1565
GAGTGATAATGA,476295
GCGGACATCTGA,6478
AACCTGCCGTGA,28584
TAGTTGAGTTGA,238445
CGCCGCGACATA,650038
GAACTCGTCAAC,4780
TACTATCCACAC,13587
TGCAACGTGCAC,12212
GCGGTTACTCAC,5179
ATTCGCGAAGAC,3253
GGCGCCTAATAC,52481
CGGCGTTCGTAC,17106
ACGGTGGATACC,431919
CGCGGACCATCC,193658
CGGTCACGCTCC,5490
ACCAATATAAGC,2018
TCATCGGACAGC,6034
CCTCTTCTGCGC,5476
CGAGTATATGGC,2852
TCGTGGATCTGC,5621
AAGATAAGTTGC,8843
GAATGGTGTATC,11763
GGCTTACCATTC,9128
ATATCAGTGTTC,14309
TCATGGTGTTAG,2055
AGATCGTCTACG,17135
ATCTAACTACCG,5006
GCTCTGGATGCG,13601
GTGTGGCCTGCG,21990
CAAGCAGCATCG,10589
GTTGCTCGTTCG,5260
GATCTATACAGG,12063
CACATTGAACGG,3058
GTGGTAGCTTGG,57151
GAACTCGCTTGG,5317
GTTCCATTGATG,3506
CATGCTGAGCTG,5732
ACCACCTTGCTG,6768
CACGTACGAGAT,81842
CGTAGCTCCGAT,38617
TATAAGGAGTAT,40478
CACCATGAGTAT,8737
AGGCAGACTTAT,12892
TGGATTGATACT,150172
ATCGGTCATCCT,9300
CTAGCGGAATCT,29956
CCTGGCCGACGT,19765
TGTGTTGATGGT,11556
TTACATGGCATT,6176
GATAGAAGTCTT,2838
TTCTGCTAAGTT,384594
CTCTATAACGTT,3322
